id	name	name_en	district	address	status	price_avg
1	晴川sushi（午市）		静安区	静安区江宁路445号103室沿街	active	680
2	鮨水月（午市）		浦东新区	浦东东方路1531号103B室	active	680
3	岩田割烹鮨		闵行区	闵行虹梅路3213号红春大厦一楼	active	980
4	御千代（王雷师傅）		长宁区	长宁凯旋路1398号T8栋2楼	active	880
5	Sushi Oyama 鮨大山		黄浦区	黄浦吉安路29号E栋3F	active	900
6	吉兆 KITCHO		静安区	静安南京西路1333号展览中心9号门	active	2460
7	披头士烧鸟居酒屋		多区连锁	金桥国际/八万人体育馆等	active	94
8	酉町·烧鸟专门店		长宁区	长宁番禺路390号一楼沿街	active	200
9	宫鸠（华山路）		长宁区	长宁华山路1358号华山名邸	active	1100
10	小景门（仇师傅）		静安区	静安成都北路333号招商局东广场1楼	active	700
11	海宫		静安区	静安南阳路123号	active	130
12	炉端一番		静安区	静安北京西路1209弄64号	active	400
13	龍響炉端烧(嘉善老市店)	Robata Ryukyo	徐汇区	徐汇区嘉善路259弄嘉善老市37号C栋一楼	active	700
14	金宗咖喱		嘉定区	江桥万达3楼	active	20
15	伽喱博士 Dr.CURRY		徐汇区	徐汇淮海中路1797号	active	48
16	晚餐馆咖喱饭		长宁区	长宁区古北地区	active	50
18	环七·土佐子		静安区	静安区静安寺附近	active	55
19	一风堂		浦东新区	浦东新区陆家嘴国金中心LG1	active	77
20	Ramen满吉(广元西路店)	Ramen Mitsuyoshi	徐汇区	徐汇区广元西路189-193号	active	75
23	鳗重		静安区	静安愚园路580号	active	125
24	哲平鳗满		浦东新区	浦东正大广场	active	200
25	竿屋		长宁区	长宁区古北地区	active	88
26	咕咕		闵行区	闵行区老外街	active	120
28	牛New寿喜烧（自助）		多区连锁	多区连锁（上海多家分店）	active	116
29	日和寿喜烧		长宁区	长宁茅台路179号金虹桥F1	active	300
30	大牛寿喜烧（自助顶配）		多区连锁	多区连锁（上海多家分店）	active	219
31	炎珀EMBER		静安区	静安区南京西路1515号静安嘉里中心	active	500
32	motoya寿喜烧		闵行区	闵行虹梅路3337号汇映中心111号	active	300
33	有喜屋居酒屋(延安西路店)	Arikiya Izakaya	长宁区	长宁区延安西路2073号M101室	active	119
34	黑门乐酒天		黄浦区	黄浦区打浦桥/嘉善路	active	150
35	平成屋(四川北路店)	Heiseiya Izakaya	虹口区	虹口区四川北路1885号1楼(近多伦路)	active	95
36	天天天妇罗		杨浦区	杨浦区五角场合生汇	active	98
37	天嘉(天妇罗专门店)	Tenka Tempura	闵行区	闵行区虹梅路3194-3号一楼	active	600
38	天吉·天遊峰	Tenchi Tenyuho Tempura	长宁区	长宁区武夷路320弄4号B201	active	2180
39	尚膳天焱		长宁区	长宁区中山公园龙之梦	active	55
40	桃山日本料理铁板烧		浦东新区	浦东新区良友大厦	active	207
41	山茶花铁板烧		黄浦区	花园饭店33楼	active	826
42	丸龟制面		浦东新区	浦东新区长泰广场	active	40
43	荞麦道		长宁区	长宁区仙霞路	active	60
44	纹兵卫（午市套餐）		长宁区	长宁区金虹桥B1	active	100
45	とんかつ一滨·炸猪排(世博天地首店)	Tonkatsu Ichihama	浦东新区	浦东新区世博大道1467号世博天地2楼L222	active	81
46	静冈胜政		长宁区	长宁区金虹桥国际中心	active	104
48	大志/king大志		长宁区	仙霞路021-62261090	active	185
49	虎丸烧肉		长宁区	金虹桥LG1-005 021-50931680	active	192
50	三川烧肉Mikawa		黄浦区	南昌路509号4楼 021-62777760	active	632
51	AJIYA味屋		徐汇区	淮海中路1333号4楼 021-54251723	active	300
52	铁屋（古北）		闵行区	虹梅路3081号 021-62090253	active	500
53	烧肉·至心		徐汇区	淮海中路1028号嘉华坊4F 177-1749-1778	active	500
453	鲁丰居(灵石路店)		静安区	静安区灵石路881号	active	70
454	融智坊鲁菜(北蔡休闲广场店)		浦东新区	浦东新区北中路195号北蔡休闲广场二楼206室	active	90
455	新嘉中心胶东烟火小馆		嘉定区	嘉定区新嘉中心商场	active	110
456	鲁菜根(上海嘉定店)		嘉定区	嘉定区汇源路258弄6号B1层	active	73
457	鲁菜馆(融信绿地店)		闵行区	闵行区盘阳路66弄5幢8-12室101室(融信绿地国际2期)	active	80
458	东莱海上(长宁来福士店)		长宁区	长宁区长宁路1123号长宁来福士广场东区6楼35号	active	180
459	老山东·鲁菜馆(陆家嘴店)	Lao Shandong Fengwei Caiguan	浦东新区	上海市浦东新区浦东南路379号金穗大厦6楼(近浦东大道)	active	198
460	老山东·御膳坊(徐汇绿地缤纷城店)		徐汇区	徐汇区东安路562号绿地缤纷城	active	160
461	传熹·胶东菜(CP静安店)	Chuanxi Jiaodong Cuisine	静安区	上海市静安区愚园路68号CP静安商场6楼L612	active	150
462	鲁东胶州菜(世纪汇店)		浦东新区	浦东新区世纪大道世纪汇广场内	active	150
463	鲁采LU STYLE(环宇荟店)	Lu Cai LU STYLE	黄浦区	上海市黄浦区黄陂南路838弄中海环宇荟2层207室	active	528
464	鲁采·兴(苏河湾店)		静安区	静安区浙江北路慎余里1幢	active	623
465	季悦海鲜(锦江店)		黄浦区	黄浦区茂名南路59号锦江饭店内(近陕西南路地铁站3号口)	active	299
466	山海鲁·紫荆阁(浦东假日酒店店)		浦东新区	浦东新区东方路899号中国煤炭大厦2层(浦东假日酒店内)	active	220
468	川飨小馆(天山路店)		长宁区	长宁区天山路娄山关路4号口旁	active	70
469	兴华川菜馆(交通路店)		普陀区	普陀区交通路4582-4584号(真南路口)	active	60
470	惠中川香蛙(嘉善路店)		徐汇区	徐汇区嘉善路(近永嘉路，晓平饭店旁)	active	85
471	先启半步颠小酒馆(定西路店)		长宁区	上海市长宁区定西路790号2楼	active	90
472	川芙蓉市井老川菜(静安店)		黄浦区	黄浦区凤阳路280号(近黄河路，川芙蓉黄河路店)	active	80
473	映水芙蓉(华润时代广场店)		浦东新区	浦东新区张杨路500号华润时代广场8楼	active	200
474	龙门阵茶屋川菜馆(武康路店)	Sichuan Citizen	徐汇区	上海市徐汇区武康路378号2楼(武康庭)	active	122
475	渝信川菜(华盛店)		黄浦区	黄浦区九江路399号华盛大厦5层	active	150
476	瓦屋川菜(西岸梦中心店)		徐汇区	徐汇区龙腾大道2266号西岸梦中心6栋202号	active	150
477	辛香汇·锦里(静安大悦城店)		静安区	静安区静安大悦城8楼	active	100
478	南兴园		徐汇区	徐汇区淮海中路1728号12幢	active	1500
479	柴门荟(前滩太古里店)	Chaimen Hui	浦东新区	上海市浦东新区东育路500弄前滩太古里石区L4层S-L4-04	active	488
480	柴门荟(BFC外滩金融中心店)		黄浦区	黄浦区中山东二路558号外滩国际金融服务中心2F	active	600
481	邓记食园		静安区	静安区常德路688号PAC购物中心1号楼L2-08	active	1500
482	食川非川·现代川味(静安嘉里中心店)		静安区	静安区延安中路1238号静安嘉里中心南区4楼S4-02	active	200
483	宝粤楼广式点心茶楼(成山路店)		浦东新区	浦东新区成山路1339号大华锦绣优嘉225-227号	active	85
484	八合里潮汕鲜牛肉火锅(世茂广场店)		黄浦区	黄浦区南京东路829号世茂广场东区L6楼602号	active	90
485	点都德(合生汇店)		杨浦区	杨浦区翔殷路1099号合生汇国际广场6楼L6-06-10	active	86
486	潮界(晶耀前滩店)		浦东新区	浦东新区耀体路308号晶耀前滩B1层B149C单元	active	95
487	粤来记(徐家汇路店)		黄浦区	黄浦区徐家汇路618号1F-CG-14室(近徐家汇路)	active	85
488	三清潭烧鹅(兴业太古汇店)		静安区	上海市静安区石门一路288号兴业太古汇南区L3层L379B	active	220
489	惠食佳·朱雀(东方商厦店)		徐汇区	徐汇区漕溪北路8号东方商厦7楼(徐家汇地铁站)	active	250
490	细记港九大牌档(新天地店)		黄浦区	黄浦区马当路398号103室(一大会址·新天地地铁站4号口旁)	active	133
491	博多新记(复兴店)		徐汇区	徐汇区复兴中路1252弄15号(近襄阳南路)	active	138
492	富临轩·臻品(前滩店)		浦东新区	浦东新区海阳西路666号前滩31乐荟8号2-3层	active	300
493	利苑酒家(国金中心店)	Lei Garden	浦东新区	上海市浦东新区世纪大道8号国金中心商场L3层17-18号	active	328
494	菁禧荟(BFC外滩店)		黄浦区	黄浦区中山东二路600号BFC外滩金融中心南区商场4楼S401	active	900
495	御宝轩(益丰·外滩源店)		黄浦区	黄浦区北京东路99号益丰·外滩源4层L402-403	active	500
496	唐阁(新天地朗廷酒店)	T'ang Court	黄浦区	上海市黄浦区马当路99号新天地朗廷酒店5楼	active	1000
497	明阁(虹桥康得思酒店)		闵行区	闵行区申虹路333号上海虹桥康得思酒店B1层	active	910
498	老半斋(福州路店)	Lao Ban Zhai	黄浦区	上海市黄浦区福州路600号(近浙江中路)	active	44
499	苏小柳点心(徐家汇分院)		徐汇区	徐汇区恭城路160号ITC二期L1-101(近广元西路)	active	60
500	绿杨邨酒家(江宁路店)		静安区	静安区奉贤路282号(南京西路地铁站14号口步行470米)	active	80
501	沧浪亭(山西南路店)		黄浦区	黄浦区山西南路183号(近南京东路)	active	45
502	四如春(真如店)		普陀区	普陀区兰溪路300号底层-1室(近真如)	active	35
503	扬州饭店(福建中路店)	YangZhou Restaurant	黄浦区	上海市黄浦区福建中路345号(福建中路与南京东路交叉口)	active	131
504	食庐(虹桥南丰城店)		长宁区	长宁区遵义路100号虹桥南丰城5楼(近紫云路)	active	220
505	江南晓宴(世博文化公园店)		浦东新区	浦东新区世博大道2095号-2-A世博文化公园内(原卢森堡馆)	active	189
506	时知味·淮扬菜(虹桥南丰城店)		长宁区	长宁区遵义路122弄66号虹桥南丰城120-1B单元(L110)	active	79
507	福兴荟(人民广场店)		黄浦区	黄浦区广西北路494号(近人民广场)	active	236
508	逸道(益丰·外滩源店)		黄浦区	黄浦区圆明园路88号益丰外滩源2层(近北京东路)	active	600
509	龙吟山房(苏河湾万象天地店)		静安区	静安区福建北路100号苏河湾万象天地慎余里4号楼	active	374
510	食庐NOBLE(港汇恒隆店)		徐汇区	徐汇区虹桥路1号港汇恒隆广场6楼(近徐家汇)	active	400
511	三月醉淮扬(越洋广场店)		静安区	静安区南京西路1601号越洋广场5楼(近常德路)	active	351
512	天水雅居(滨江大道店)		浦东新区	浦东新区滨江大道(近富城路，陆家嘴滨江段)	active	380
513	淳百味·沙县小吃研究所		嘉定区	浦东新区懿行路188号三林印象汇2层208（上海20+门店通用，含周浦/川沙/嘉定/奉贤等）	active	25
514	闽燕记·臻味府(中海环宇荟店)		黄浦区	黄浦区黄陂南路838弄3号中海环宇荟B161-1室	active	55
515	闽燕记八闽特色美食(国际传媒港店)		徐汇区	徐汇区龙台路110号国际传媒港B1层L-02室	active	40
516	荣先森·闽南菜		浦东新区	浦东新区张杨路500号时代广场（多家分店）	active	85
517	莆田餐厅PUTIEN(世博源店)		浦东新区	浦东新区世博大道1368号世博源B1层	active	95
518	莆田餐厅PUTIEN(BFC外滩金融中心店)		黄浦区	黄浦区中山东二路600号BFC外滩金融中心南区B2层B210-211铺	active	122
519	阿忠食坊·厦门菜(上海首店)		浦东新区	浦东新区张杨路2389弄旭辉置地广场3楼14-15号	active	130
520	临家闽南宴(正大广场店)		浦东新区	浦东新区陆家嘴西路168号正大广场7楼	active	160
521	闽和南·欢席(苏河湾万象天地店)		静安区	静安区苏河湾万象天地（苏州北路666号）	active	220
522	闽润·福建会馆		杨浦区	杨浦区丹东路65号1幢一层A区及二三层	active	200
523	遇外滩(新天地店)		黄浦区	黄浦区黄陂南路338号上海新天地北里1层	active	846
524	遇外滩(BFC外滩金融中心店)	Meet The Bund	黄浦区	上海市黄浦区中山东二路600号BFC外滩金融中心南区三层S301	active	829
525	席作·福建会馆		黄浦区	黄浦区马当路177号新天地时尚1期5楼	active	490
526	聚春园(上海店)		闵行区	闵行区红松东路1116号1幢1层东侧（虹桥祥源希尔顿酒店入口）	active	326
527	府(Fucheng)·外滩华尔道夫		黄浦区	浦东新区黄浦路18号外滩华尔道夫酒店16楼	active	500
528	新白鹿餐厅(第一百货店)		黄浦区	黄浦区南京东路800号第一百货C馆9层	active	70
529	旧村·老宁波海鲜小馆		闵行区	闵行区虹井路225号先锋大厦1楼102室	active	91
530	涌小仙·江浙小鲜		黄浦区	黄浦区徐家汇路268号凯德晶萃广场4楼4-16号	active	82
531	甬府小包		黄浦区	黄浦区长乐路386弄小区西南门旁	active	23
532	桂满陇·杭州小馆(人民广场店)		黄浦区	黄浦区人民广场世茂广场	active	75
533	孔乙己酒家(文庙店)		黄浦区	上海市黄浦区老西门街道学宫街34-36号(近文庙)	active	126
534	张生记(正大广场店)		浦东新区	浦东新区陆家嘴西路168号正大广场6楼	active	150
535	季家菜·温州饭摊(浦城路店)		浦东新区	浦东新区浦城路680号	active	111
536	甬府小鲜(陆家嘴中心店)		浦东新区	浦东新区浦东南路899号陆家嘴中心商场9楼910号	active	238
537	小孃孃(思南公馆店)		黄浦区	复兴中路531号思南公馆	active	123
538	甬府(黄浦店)	Yong Fu	黄浦区	上海市黄浦区茂名南路59号锦江饭店锦北楼11-12楼	active	612
539	雍颐庭	Yong Yi Ting	浦东新区	上海市浦东新区浦东南路111号上海浦东文华东方酒店LG层	active	650
540	鹿园MOOSE(长宁店)		长宁区	长宁区新华路119弄1号	active	418
541	南麓·浙里(外滩店)		黄浦区	黄浦区四川中路216号(近福州路)	active	250
542	甬府·北外滩		虹口区	虹口区东大名路1089号北外滩来福士东塔56楼	active	700
543	小黑湘菜馆(武宁店)		普陀区	上海市普陀区中山北路2668号106C-5室(曹杨路地铁站13号口对面)	active	73
544	芥菜园·粮仓饭湘(四川北路店)		虹口区	虹口区衡水路202一楼(四川北路地铁站1号口步行130米)	active	85
545	费大厨辣椒炒肉(环球港店)		普陀区	普陀区中山北路3300号环球港3层花园中庭L3121-3123	active	85
546	湘粹(愚园东路店)		静安区	静安区愚园东路20号东海广场F1层	active	72
547	温暖你的猪(前滩汇店)		浦东新区	浦东新区前滩公园巷W3-307	active	53
548	御鲤湘(北京西路店)		静安区	静安区北京西路1135号(陕西北路交叉口)	active	130
549	金湘隆·清派湘菜(金沙江路店)		普陀区	普陀区金沙江路1830号(近真北路)	active	120
550	古意湘味浓(久光店)		静安区	静安区南京西路1618号久光百货8层S804	active	155
551	园有桃·现代湘菜		徐汇区	徐汇区新乐路167号	active	204
552	谭姐湘菜馆(浦东大道店)		浦东新区	浦东新区浦东大道1028号(近源深路站3A口)	active	109
553	湘翁(北外滩来福士店)		虹口区	虹口区东大名路1089号北外滩来福士东塔56楼	active	538
554	六月半湖南湘鲜馆(嘉里中心店)		静安区	静安区南京西路1551号静安嘉里中心N2-20室	active	220
555	湘粤王府宴(浦东长河国际店)		浦东新区	浦东新区长河国际(具体地址电话预订确认)	active	298
556	沁园春望·湘食四季(九六广场店)		浦东新区	浦东新区东方路796号九六广场	active	180
557	凤凰湘语(三湘大厦店)		长宁区	长宁区中山西路1243-1号阳光酒店2-3楼	active	117
558	徽珍源(潍坊路店)	Hui Zhen Yuan	浦东新区	上海市浦东新区潍坊路162号第三幢二楼	active	120
559	小菜园新徽菜(百联世纪店)		浦东新区	浦东新区世纪大道1217号百联世纪购物中心F5层L506	active	55
560	皖荟·山野徽菜(白玉兰广场店)		虹口区	虹口区东长治路588号上海白玉兰广场L2层09号	active	79
561	徽膳坊(梅花路店)		浦东新区	浦东新区梅花路975-977号	active	107
562	安徽省驻沪办招待所餐厅		徐汇区	徐汇区(驻沪办内，具体地址电话咨询)	active	80
563	山里亲戚(九六广场店)		浦东新区	浦东新区东方路796号九六广场F2层	active	200
564	徽商故里(虹桥店)		闵行区	闵行区吴中路1245号16幢	active	207
565	璞徽(长泰广场店)		浦东新区	浦东新区祖冲之路长泰国际广场5座	active	272
566	徽廷宴·徽菜(宝山店)		宝山区	宝山区同济路699号宝杨宝龙广场	active	202
567	徽膳坊·徽菜(九亭店)		松江区	松江区九亭镇	active	120
568	皖宴(龙柏饭店店)	Wan Yan	长宁区	上海市长宁区虹桥路2419号8栋龙柏饭店内	active	373
569	皖宴(苏河湾店)		静安区	上海市静安区天潼路836号苏河湾万象天地慎余里·西里5幢	active	350
570	徽廷宴·徽菜(新天地东台里店)		黄浦区	黄浦区吉安路111号新天地东台里B栋2层L242-245号	active	380
571	徽廷宴·徽菜(创智天地店)		杨浦区	杨浦区政学路创智天地	active	380
572	徽商故里(陆家嘴店)		浦东新区	浦东新区陆家嘴西路168号正大广场F5层	active	250
573	蜀谭记·盐帮川菜(胶州路店)		静安区	上海市静安区胶州路877号	active	99
574	邻里川菜馆		杨浦区	上海市杨浦区国定路333号三号湾广场2楼207室	active	67
575	自贡盐帮菜馆(七莘路店)		闵行区	上海市闵行区七莘路148号	active	70
576	锦盐记川菜小馆(莘朱路店)		闵行区	上海市闵行区莘朱路	active	50
577	蜀湘记(古美路店)		闵行区	上海市闵行区古美路	active	75
578	辣味鲜老刘特色菜		闵行区	上海市闵行区万源路2739号	active	187
579	本来川菜(陕西南路店)		黄浦区	上海市黄浦区陕西南路35号	active	105
580	本甄精品川菜(新天地店)		黄浦区	上海市黄浦区湖滨路150号湖滨道购物中心3楼	active	153
581	蜀韵精品川菜·盐帮菜(九亭中心店)		松江区	上海市松江区沪亭北路199弄九亭中心2号楼1楼182室	active	100
582	JSL三椒·川南小馆(虹桥南丰城店)		长宁区	上海市长宁区遵义路100号虹桥南丰城	active	90
583	平川·程玉平川菜工作室		黄浦区	上海市黄浦区建国东路341号中海环宇荟L201室	active	450
584	鲤香(板前)		长宁区	上海市(具体地址需预订确认，程玉平儿子小程师傅主理)	active	780
585	九老汉·川渝江湖菜(恒丰路店)		静安区	上海市静安区恒丰路218号(近恒通路357号)	active	80
586	李老幺重庆大排档(松东路店)		松江区	上海市松江区松东路	active	70
587	东泰荟·江湖菜(火车站店)		静安区	上海市静安区火车站附近(具体路号大众点评查询)	active	65
588	对酒当歌·地道川菜(南丹东路店)		徐汇区	上海市徐汇区南丹东路300弄9-1	active	80
589	有滋有味·农家川菜(北外滩店)		虹口区	上海市虹口区长阳路255号裙房1层	active	79
590	阳哥儿·重庆芋儿肥肠鸡(元善里店)		静安区	上海市静安区万航渡路242号(武定路地铁站2号口步行340米)	active	95
591	重记袍哥·肥肠芋儿鸡(天津路店)		黄浦区	上海市黄浦区南京东路300号恒基名人购物中心F1	active	100
592	破店小酒馆(昌里三钢里店)		浦东新区	上海市浦东新区昌里路三钢里	active	90
593	老吴川菜馆		长宁区	上海市长宁区昭化路120号	active	96
594	竹屋川菜		黄浦区	上海市黄浦区淮海中路99号大上海时代广场地下1层	active	122
595	椒点·川粤精品		徐汇区	上海市徐汇区天钥桥路333号	active	147
596	Spicy Gangster不问江湖		静安区	上海市静安区延平路98-1号	active	211
597	椿庐(凯德晶萃店)		黄浦区	上海市黄浦区马当路凯德晶萃广场7楼	active	300
598	四吉饭店		黄浦区	上海市黄浦区进贤路169号	active	227
599	兴蜀府·臻味(正大广场店)		浦东新区	浦东新区陆家嘴西路168号正大广场4F	active	278
600	巴国布衣(世博店)		浦东新区	浦东新区上南路168号世博源1区1层110号	active	122
601	张记川味苑(定西路店)		长宁区	上海市长宁区定西路710弄(定西路交叉口东约60米,近中山公园)	active	28
602	三木川菜(真如古镇店)		普陀区	普陀区兰溪路201号	active	80
603	有根葱不改良老火锅(徐汇全国首店)		徐汇区	上海市徐汇区中山南二路699号正大乐城F1层2-106商铺	active	150
604	渝利火锅(96广场店)		浦东新区	浦东新区东方路796号96广场2楼233-235号铺	active	146
605	淑芬串串公司(定西路中山公园店)		长宁区	长宁区定西路1216号	active	105
606	红料理		黄浦区	黄浦区南京西路388号仙乐斯广场4层401单元	active	120
607	十八梯邓凳面(愚园路店)		静安区	静安区愚园路318号(静安寺地铁站1号口步行340米)	active	19
608	程胖妹面庄(原高胖妹面庄)		闵行区	闵行区合川路3125号	active	28
609	开县徐妈串串火锅馆(人民广场店)		黄浦区	黄浦区天津路513-1号(人民广场地铁站19号口步行450米)	active	87
610	江边城外烤全鱼(百联中环店)		普陀区	普陀区真光路1288号百联中环购物广场A区4层L420	active	97
611	桂釜山城重庆小面(武宁路店)		静安区	静安区南汇路74号(桂釜山城南汇路店)	active	25
612	恒香渝重庆小面(长阳路店)		杨浦区	杨浦区长白新村街道延吉东路133-1号(恒香渝延东小区店)	active	25
613	山城印象重庆小面(灵山路店)		浦东新区	浦东新区灵山路	active	22
614	我们屋头串串(老闵行)		闵行区	闵行区老闵行	active	80
615	巴山蜀水刘家厨		青浦区	青浦区新风路160号新角里广场F1层	active	60
616	弄堂川菜		黄浦区	黄浦区贵州路204号(近牛庄路)	active	73
618	对酒当歌·地道川菜(南京东路店)		黄浦区	黄浦区山东中路311号(南京东路地铁站3号口步行60米)	active	87
619	贾温柔迷踪菜		静安区	静安区万航渡路393弄2号1楼	active	99
620	刘栋梁大排档(大学路店)		杨浦区	杨浦区大学路246号	active	111
621	袍哥川小馆·肥肠鸡(天钥桥路店)		徐汇区	徐汇区天钥桥路366号-3号	active	74
622	沪小川肥肠烤鱼泡椒牛蛙(定西路店)		长宁区	长宁区定西路809号	active	104
623	本来川菜(中骏广场店)		闵行区	闵行区申长路1688弄2号中骏广场2期F1层	active	77
624	成都鱼庄·石锅烤鱼(华发路店)		徐汇区	徐汇区华发路35号(龙吴路徐浦大桥)	active	65
625	老吴家川菜(昭化路店)		长宁区	长宁区昭化路120号	active	94
626	火辣土菜馆(浦东大道店)		浦东新区	浦东新区福山路2号(浦东大道地铁站7b口步行390米)	active	50
627	友谊川味馆(苍梧路店)		徐汇区	徐汇区苍梧路14-24号	active	65
628	三木川菜		浦东新区	浦东新区上南路周浦万达广场附近	active	70
629	民间川菜(尚大国际店)		宝山区	宝山区沪太路3100号尚大国际	active	60
630	Pepper Tree花椒树		徐汇区	徐汇区襄阳北路108号101会所C单元(淮海中路1010号嘉华中心1层)	active	357
631	井庭xNEW ARC·锅(BFC外滩金融中心店)		黄浦区	黄浦区中山东二路600号BFC外滩金融中心F1	active	500
632	蜀宴赋·上海(华东首店)		浦东新区	浦东新区金桥路535号EKA天物38幢1层	active	300
633	板前川菜(静安寺小巷)		静安区	静安区新闸路附近(静安寺与南京西路之间，具体需预约告知)	active	300
634	椿庐ChunLounge(凯德晶萃店)		黄浦区	黄浦区徐家汇路268号LU·ONE凯德晶萃广场F7层	active	303
635	金孔雀(国金中心店)		浦东新区	浦东新区世纪大道8号上海国金中心D座地下一层LG1-18室	active	165
636	翠蝶川菜(BFC外滩金融中心店)		黄浦区	黄浦区中山东二路600号BFC外滩金融中心南区B105c单元	active	151
637	映水芙蓉·叙川(大丸百货店)		黄浦区	上海市黄浦区南京东路228号新世界大丸百货5楼5JF01	active	117
638	孔雀川菜(港汇恒隆广场店)		徐汇区	徐汇区虹桥路1号港汇恒隆广场南座5楼507(徐家汇地铁站)	active	160
639	翠蝶川菜(北外滩来福士店)		虹口区	虹口区东大名路999号北外滩来福士广场3层	active	121
640	翠蝶川菜(One ITC店)		徐汇区	徐汇区华山路1901号One ITC LG2层	active	117
641	映水芙蓉(白玉兰广场店)		虹口区	虹口区东长治路588号上海白玉兰广场购物中心	active	150
642	蜀当家·盐帮川菜(上海首店)		浦东新区	浦东新区(具体地址待查)	active	100
643	柴门饭儿(陆家嘴中心店)		浦东新区	浦东新区浦东南路899号陆家嘴中心L+Mall L811	active	120
644	陆小苑(打浦桥日月光店)		黄浦区	黄浦区徐家汇路268号日月光中心2楼	active	85
645	东蹄旺(龙茗路店)		闵行区	闵行区龙茗路1857号	active	70
646	小旺阁·老字号粤菜(江桥老街店)		嘉定区	嘉定区江桥镇老街35号	active	85
647	馥添浓汤广府菜(世纪汇店)		浦东新区	浦东新区世纪大道1192号世纪汇广场3楼	active	95
648	肥姚仔大排档(金汇路店)		闵行区	上海市闵行区金汇路459号青春时代广场1楼	active	130
649	陶陶居酒家(新天地店)		黄浦区	黄浦区太仓路181弄新天地北里F1层17号	active	110
650	蘩楼(淮海百盛店)		黄浦区	黄浦区淮海中路918号百盛购物中心4楼	active	117
651	龙筵轩·广府宴(长宁虹桥店)		长宁区	长宁区延安西路2099号二楼A区	active	299
652	唐宫·粤菜海鲜(多媒体店)		静安区	静安区广中西路757号三楼	active	180
653	香港龙凤楼(巨鹿路洋房店)		静安区	静安区巨鹿路889号7-8号楼	active	200
654	广舟(巨鹿店)		黄浦区	黄浦区巨鹿路168号	active	550
655	申粤轩酒楼(丁香花园店)	Shen Yue Xuan	徐汇区	上海市徐汇区华山路849号丁香花园2号楼	active	331
656	家全七福(静安店)		静安区	静安区南京西路1515号静安嘉里中心东区商场2层E2-03	active	600
657	龙筵轩·广府宴(黄浦云景店)		黄浦区	黄浦区打浦路15号51层	active	399
658	佬顺德(大拇指广场店)		浦东新区	浦东新区芳甸路199弄大拇指广场	active	75
659	广太公顺德小馆(锦西路店)		杨浦区	杨浦区锦西路鞍山新村	active	55
660	咏發顺德大排档(宝山日月光店)		宝山区	宝山区沪太路1933号宝山日月光H栋2楼208、209号	active	95
661	禄记顺德鱼生		浦东新区	浦东新区芳甸路大拇指广场附近	active	90
662	巡味顺德菜(虹桥天地店)		闵行区	闵行区申长路688号虹桥新天地购物中心南区L3层	active	98
663	咏發顺德海鲜大排档(静安大悦城店)		静安区	静安区西藏北路166号静安大悦城北座8楼	active	100
664	新顺记(南洋1931店)		徐汇区	徐汇区裕德路111号南洋1931商场3楼	active	189
665	顺席(肇嘉浜路店)		徐汇区	徐汇区肇嘉浜路500号好望角大饭店6楼	active	220
666	顺峰顺水顺德菜(长风大悦城店)		普陀区	普陀区大渡河路196号长风大悦城4层23-24商铺	active	150
667	好彩楼·知味顺德(丰盛里店)		静安区	上海市静安区茂名北路277号(丰盛里)	active	150
668	猪肉婆·顺德私房菜(上海首店)		闵行区	上海市闵行区金汇南路29号全栋（近吴中路）	active	250
669	新顺记·鱼料理专家(高岛屋店)		长宁区	长宁区虹桥路1438号高岛屋7楼	active	280
670	恒悦轩·精致香港粤菜(徐家汇店)-顺德菜部		徐汇区	徐汇区宛平路290号徐家汇公园内	active	350
671	姚益记潮汕菜		嘉定区	嘉定区新源路244号101室	active	65
672	潮桔桔·潮汕小吃堂(江湾里MEET678店)		杨浦区	杨浦区民府路602号江湾里MEET678项目T3-1F-02商铺	active	60
673	魔都潮滋味·潮汕牛肉火锅·粿条(叶家宅路店)		普陀区	普陀区叶家宅路100号10幢1层	active	70
674	陈记潮汕牛肉火锅(板泉路店)		浦东新区	浦东新区板泉路1566号	active	88
675	阿嫲潮味(江湾里店)		杨浦区	杨浦区民府路602号江湾里MEET678项目T3-1F	active	85
676	家府潮汕菜(莘庄仲盛店)		闵行区	闵行区都市路5001号仲盛世界商城F4层429B商铺	active	85
677	潮禧·潮汕菜(长寿路店)		普陀区	普陀区长寿路577-581号沙田大厦一楼	active	100
678	草根夜档·潮汕老字号·小炒排档(大宁店)		静安区	静安区灵石路695号	active	120
679	汕苑精致潮汕菜(静安店)		静安区	静安区天目西路128号1座101-102	active	150
680	潮州府·海鲜渔市·砂锅粥(武宁南路店)		静安区	静安区武宁南路488号	active	130
681	瑞狮楼·潮汕会馆(SOHO复兴广场店)		黄浦区	黄浦区马当路388号SOHO复兴广场F1层104-105室	active	205
682	神仙馆(衡山路店)		徐汇区	徐汇区衡山路191号2楼	active	220
683	虹潮荟(瑞虹天地太阳宫店)		虹口区	虹口区瑞虹路181号瑞虹天地太阳宫7楼704室	active	200
684	东平潮·潮汕菜(徐汇花园洋房店)		徐汇区	徐汇区东平路1号	active	350
685	恭喜里客家盐焗鸡(恒基名人购物中心店)		黄浦区	黄浦区南京东路300号恒基名人购物中心B1层	active	65
686	客家小厨(临沂路店)		浦东新区	浦东新区临沂路213号(近南码头路)	active	85
687	龙岩牛肉粉面(武夷路店)		长宁区	长宁区武夷路356号	active	35
688	三伯公·山野客家菜(徐汇日月光店)		徐汇区	徐汇区漕宝路33号徐汇日月光中心B1层	active	80
689	南山阿姆赣南客家菜(静安CP店)		静安区	静安区南京西路1601号静安嘉里中心CP 5楼	active	85
690	夷和源客家菜(陆家嘴店)		浦东新区	浦东新区银城路66号尚悦湾广场LG层106号	active	100
691	烧鹅仔•客家菜(上海首店)		闵行区	闵行区吴中路618号吴中大厦一楼	active	137
692	客语(上海分店)		徐汇区	徐汇区漕宝路33号徐汇日月光中心L4层	active	90
693	汤伯府·猪肚鸡火锅(上海分店)		浦东新区	浦东新区张杨路500号华润时代广场5楼	active	90
694	添意客家菜(银七星盛汇店)		闵行区	闵行区七莘路银七星盛汇商业广场	active	80
695	客屿·山湖之鲜(瑞虹天地太阳宫店)		虹口区	上海市虹口区瑞虹路181号瑞虹天地太阳宫7楼702室	active	150
696	Hakkasan(外滩店)		黄浦区	黄浦区中山东一路18号外滩18号5楼	active	800
697	润苑·悦椿轩(徐汇万科中心店)		徐汇区	徐汇区徐汇万科中心T1座3楼	active	280
698	老赣南客家菜(静安寺店)		静安区	静安区南京西路1601号静安寺商圈	active	120
699	港九茶冰室(五环大楼店)		长宁区	长宁区延安西路961号五环大楼	active	75
700	新澳港式茶餐厅(延安西路店)		长宁区	长宁区延安西路1426号	active	66
701	新旺茶餐厅(长乐店)		黄浦区	黄浦区长乐路175号(淮海中路地铁站3号口)	active	71
702	敏华冰厅(人民广场店)		黄浦区	上海市黄浦区西藏中路268号来福士广场B1层B1-02	active	65
703	龙记香港茶餐厅(延安西路店)		长宁区	长宁区延安西路1066号(上海银行旁)	active	69
704	何洪记(兴业太古汇店)	Ho Hung Kee	静安区	上海市静安区石门一路288号兴业太古汇L324室	active	125
705	东发道茶冰厅(人民广场店)		黄浦区	黄浦区福州路530号1-2室	active	95
706	港丽餐厅(龙之梦店)		长宁区	长宁区长宁路1018号龙之梦购物中心	active	110
707	合顺發茶冰室(南京东路店)		黄浦区	黄浦区南京东路300号恒基名人购物中心4层	active	90
708	点点心港式茶餐厅(818广场店)		静安区	静安区南京西路818广场5层	active	85
709	翠华餐厅(正大广场店)		浦东新区	浦东新区陆家嘴西路168号正大广场6楼	active	85
710	港季茶餐厅(南京西路店)		静安区	静安区南京西路恒基688广场L103	active	80
711	香港翠庭(传奇广场店)		浦东新区	浦东新区碧波路635号传奇广场1楼	active	70
712	九龙冰室(徐汇日月光店)		徐汇区	徐汇区漕宝路33号徐汇日月光中心	active	80
713	喜粤8号(汝南街总店)		黄浦区	黄浦区汝南街63号主楼101室	active	250
714	皇朝尊会(龙之梦大酒店)		长宁区	长宁区延安西路1116号龙之梦大酒店3楼	active	400
715	皇朝会(外滩店)		黄浦区	黄浦区中山东一路5号外滩五号3楼(广东路20号)	active	350
716	逸龙阁		黄浦区	黄浦区中山东一路32号上海半岛酒店2楼	active	700
717	吉品轩(伯衡55店)		徐汇区	徐汇区乌鲁木齐南路55号伯衡55 3楼	active	1000
718	壹零贰小馆		黄浦区	黄浦区中山东一路27号罗斯福大楼5楼	active	1200
719	头灶(上海商城店)		静安区	静安区南京西路1376号上海商城F2层211	active	2000
720	头家夜粥(外滩店)		黄浦区	黄浦区广东路43号大来大楼1楼	active	120
721	荣申府(四安里古建店)		静安区	静安区裕通路69号(四安里独栋古建星巴克对面)	active	150
722	景煊 SOLE		静安区	静安区南京西路1376号上海商城1层109室	active	300
723	正斗粥面专家(前滩太古里店)		浦东新区	浦东新区东育路500弄前滩太古里	active	90
725	锦春茶社(保德路店)		静安区	静安区保德路82号	active	53
726	扬春茶社(乐虹坊店)		闵行区	闵行区虹井路288号L1层117单元	active	60
727	淮悦茶社(天钥桥路店)		徐汇区	徐汇区天钥桥路133-2号	active	65
728	永春园茶社(长宁来福士店)		长宁区	长宁区长宁路1123号长宁来福士东区户外广场1层	active	85
729	春里·淮扬(西岸梦中心店)		徐汇区	徐汇区龙腾大道2266号西岸梦中心4栋2楼208室	active	95
731	南伶(静安嘉里店)		静安区	静安区南京西路1515号静安嘉里中心南区S3-01	active	192
732	九厨·淮扬(博荟广场店)		黄浦区	黄浦区中山南一路788号博荟广场One East F2	active	160
733	南里山房(长宁荟聚店)		长宁区	长宁区金钟路788号荟聚中心2层C18	active	120
734	宴江月(南京东路宏伊广场店)		黄浦区	黄浦区南京东路299号宏伊广场6层S-604	active	150
735	桂花楼(浦东香格里拉店)		浦东新区	浦东新区富城路33号浦东香格里拉浦江楼1层	active	350
736	游宴一品淮扬(万达瑞华酒店)		黄浦区	黄浦区中山东二路538号上海万达瑞华酒店5层	active	780
737	黄浦轩(上海大厦店)		虹口区	虹口区北苏州路20号上海大厦2层	active	380
738	南京大牌档(中山公园龙之梦店)		长宁区	长宁区长宁路1018号龙之梦购物公园L8层8035	active	65
739	小金陵盐水鸭(云南南路店)		黄浦区	黄浦区云南南路55号	active	38
740	小金陵盐水鸭(山西南路店)		黄浦区	上海市黄浦区山西南路209-211号	active	40
741	南京大牌档(近铁广场店)		普陀区	普陀区真北路818号近铁城市广场北区2楼N-F2-19	active	60
742	南京大牌档(人民广场世茂店)		黄浦区	黄浦区南京西路世茂52+三层	active	70
743	金陵·启海人家(上海店)		宝山区	宝山区富长路1118号	active	180
744	梅府家宴(建业里店)		徐汇区	徐汇区建国西路480号建业里	active	600
745	南京大牌档(静安寺店)		静安区	静安区愚园路68号晶品Crystal Galleria 6层	active	100
746	南京大牌档(月星环球港店)		普陀区	普陀区中山北路3300号月星环球港4层	active	100
747	面庭芳·特色中餐厅		闵行区	闵行区金汇南路188号底层中部（近洪泉路，韩国街商圈）	active	79
748	新斋桥苏式面馆		徐汇区	徐汇区漕溪北路439号（徐家汇地铁站4号口步行80米）	active	48
749	松鹤楼(豫园店)		黄浦区	黄浦区百翎路5-7号一楼二楼（豫园商城5号门进）	active	60
750	松鹤楼(嘉里城店)		浦东新区	浦东新区花木路1378号浦东嘉里城B1-124号	active	60
751	东吴石府(黑石公寓店)		徐汇区	徐汇区复兴中路1331号1栋102（黑石公寓内）	active	86
752	松鹤楼(港汇店)		徐汇区	徐汇区虹桥路1号港汇恒隆广场F6层（徐家汇地铁站出口旁）	active	150
753	米桃-吴韵风雅·曲园(虹桥南丰城店)		长宁区	长宁区遵义路100号虹桥南丰城北区5楼512-513	active	137
754	裕兴记(徐家汇店)		徐汇区	徐汇区南丹路169-3	active	111
755	云和面馆YUNHENOODLE(华山路店)		长宁区	长宁区华山路1603号（复旦中学斜对面，交通大学地铁站6号口步行120米）	active	189
756	松鹤楼(世纪汇店)		浦东新区	浦东新区世纪大道1192号世纪汇广场LG1层028+029号	active	120
757	RIVIERA松鹤楼(外滩店)	RIVIERA Song He Lou	黄浦区	上海市黄浦区中山东二路505号(近新开河路)	active	380
758	江南雅厨(宜昌路店)		普陀区	普陀区宜昌路79-85号（苏州河梦清园环保主题公园斜对面）	active	450
759	荣府宴(南阳路店)	The House of Rong	静安区	上海市静安区南阳路170号贝轩大公馆内(近西康路)	active	1996
760	熙盛源(丰庄路店)		嘉定区	嘉定区丰庄路389号（近曹安路，丰庄北路南侧）	active	28
761	锡缘无锡小笼馆(北海宁路店)		虹口区	虹口区北海宁路64号（近乍浦路，地铁10号线四川北路站）	active	25
762	井梅无锡面馆(延平路店)		静安区	静安区延平路128号（近昌平路地铁站3号口，现所对面）	active	63
763	无锡万家小笼(恒达公寓店)		普陀区	普陀区新会路292号（长寿路地铁站步行150米）	active	21
764	鼎盛源无锡小笼馄饨店		闵行区	闵行区兰坪路208号1层3室（闵行饭店北50米）	active	29
765	米桃·江南苏锡菜(久光中心店)	Mitao	静安区	上海市静安区共和新路2188号久光中心5楼M517	active	135
766	小无锡面馆(霍山路店)		杨浦区	杨浦区霍山路863号（许昌路口）	active	30
767	无锡小笼(梅岭北路店)		普陀区	普陀区梅岭北路614号（曹杨二中后门，近兰溪路四季情菜场）	active	25
768	鼎福记·小笼馄饨(蒙自路店)		黄浦区	黄浦区蒙自路169号4-101	active	30
769	美玲无锡小笼(华池路店)		普陀区	普陀区华池路138号（近汉阴路，泸鸣饭店点心部）	active	30
770	贡品轩无锡小笼馆(百色路店)		徐汇区	徐汇区百色路1097号（嘉陵路龙川北路间）	active	35
771	徐州味道(中山北路店)		普陀区	普陀区中山北路1919号	active	60
772	徐州印象(中山北路店)		普陀区	上海市普陀区镇坪路176弄之3-34号秋月枫舍2期	active	75
773	苏北土灶台·徐州菜(佘山店)		松江区	松江区桃源路188弄104号佘山天地休闲广场	active	95
774	猪仔强把子肉(政通路店)		杨浦区	杨浦区政通路近国和路(五角场)	active	30
775	洋火徐州鲜货烧烤(繁兴路店)		闵行区	闵行区华漕镇繁兴路西郊河畔花园门口	active	80
776	老板娘大排档(马陆包装城店)		嘉定区	嘉定区马陆包装城夜市(沪宜公路旁)	active	70
777	徐州地锅鸡(聚丰园路弘基广场店)		宝山区	宝山区聚丰园路9弄弘基广场	active	75
778	徐州老灶台地锅鸡(东川公路店)		浦东新区	浦东新区东川公路4569号(近龚丰路)	active	70
779	沪传奇地锅(沪闵路店)		闵行区	闵行区沪闵路近莘庄	active	65
780	东润邻里徐州羊肉小馆		浦东新区	浦东新区东润路东润邻里中心	active	40
781	皖缃坊·地锅鸡(洞薛路店)		松江区	松江区洞泾镇洞薛路218号	active	70
782	香聚江南灶(前滩香格里拉店)		浦东新区	浦东新区海阳西路551号前滩香格里拉大酒店7楼	active	600
783	和·燕(外滩店)		黄浦区	黄浦区外滩(近中山东二路)	active	500
784	西塘宴Xi Tang Yan(滨江店)		黄浦区	黄浦区黄浦滨江(近龙华东路)	active	800
785	嫣花叁玥·新川扬(国金中心店)		浦东新区	浦东新区世纪大道8号上海ifc商场L4层L4-13	active	257
786	逸品淮扬(白玉兰广场店)		虹口区	虹口区东长治路588号白玉兰广场	active	200
787	南里山房(瑞虹天地太阳宫店)		虹口区	虹口区瑞虹路181号瑞虹天地太阳宫	active	150
788	醉舍(静安大悦城店)		静安区	静安区西藏北路166号静安大悦城	active	160
789	上扬府·淮扬小品(南京东路店)		黄浦区	黄浦区南京东路(近福建中路)	active	150
790	山东家常菜(繁安综合市场店)		闵行区	上海市闵行区颛桥繁安路229号边楼2号	active	27
791	爸爸的鱼妈妈的饼		松江区	上海市松江区泗泾镇鼓浪路220号（手牵手文化产业园3号楼）	active	45
792	味道山东经典鲁菜(宜川路店)		普陀区	上海市普陀区宜川路300号永乐文化广场	active	68
793	鲁滋味山东菜		浦东新区	上海市浦东新区康桥镇川周公路2832号	active	69
794	鲁一品		闵行区	上海市闵行区七宝航中路332号三佳菜场内	active	40
795	糁姐鲁小菜(七宝店)		闵行区	上海市闵行区漕宝路3299弄七宝宝龙城F1-007	active	88
796	鲁菜羊肉馆(七莘路店)		闵行区	上海市闵行区七莘路2368号1层	active	104
797	齐鲁壹号(三号湾广场店)		杨浦区	上海市杨浦区国定路333号三号湾广场3层	active	146
798	城南往事(滨江世茂店)		浦东新区	上海市浦东新区浦城路678号一层A室	active	250
799	城南往事(正大广场精选店)		浦东新区	上海市浦东新区陆家嘴西路168号正大广场3楼24号商铺	active	350
800	于妈妈烟台水饺		静安区	静安区陕西北路119弄3-38号慈惠北里	active	43
801	郭姐·威海渔村(中山公园/定西路店)		长宁区	长宁区定西路近愚园路口二楼（2号线中山公园站8号口约300米）	active	85
802	烟屿家烧小馆(川沙店)		浦东新区	浦东新区川沙新镇新川路/新三路一带	active	55
803	威海小海鲜(通河新村/宝山店)		宝山区	宝山区通河新村地铁站附近居民区	active	85
804	郭姐·威海渔村(大连路/莱克大厦店)		杨浦区	杨浦区大连路1548-2号底层（上海教育电视台正对面，近8号线）	active	95
805	崴海渔村/威海渔村(虹梅路总店)		闵行区	闵行区虹桥镇虹梅路2971号2楼（近吴中路）	active	150
806	威海渔村(黄兴路店)		杨浦区	杨浦区黄兴路1616号	active	130
807	威海渔村(河间路店)		杨浦区	杨浦区河间路816号	active	130
808	威海小馆(八佰伴店)		浦东新区	浦东新区南泉北路1029号中店大厦一楼南侧	active	148
809	威海小馆(普陀店)		普陀区	普陀区曹杨居民区商圈（高德收录，电话021-52356897）	active	110
810	郭姐·威海渔村(柳州路店)		徐汇区	上海市徐汇区柳州路531号	active	100
811	东莱馋房(环球金融中心店)	Donglai Chanfang	浦东新区	上海市浦东新区世纪大道100号上海环球金融中心2楼206号、3楼包房区303号	active	200
812	白茸小鲜(太阳宫店)		虹口区	虹口区瑞虹路181号瑞虹天地太阳宫	active	120
813	申客厅 SHEEN Pavilion		杨浦区	杨浦区杨浦滨江（原亚细亚火油栈东栈旧址，滨江一带历史建筑）	active	300
814	东莱馋房(晶品店)		静安区	上海市静安区愚园路68号晶品4层407	active	150
815	佰荣 Bai Rong		黄浦区	上海市黄浦区中山东二路558号BFC外滩金融中心北区N2栋1层	active	450
816	金美华轩(齐鲁万怡店)		浦东新区	上海市浦东新区东方路836号齐鲁大厦2层（齐鲁万怡大酒店内）	active	100
817	老山东饺子馆(宝龙城店)		闵行区	上海市闵行区漕宝路3299弄15号七宝宝龙城F1层	active	70
818	小大董(LUONE凯德店)		黄浦区	上海市黄浦区徐家汇路268号凯德晶萃广场5层24号	active	110
819	山东菜馆(莲园路店)		浦东新区	上海市浦东新区博华路与莲园路交叉口东南110米	active	80
820	俺家味道山东饭店(三铭广场店)		松江区	松江区松卫北路790号1-2号(三铭广场)	active	105
821	海伯Bohai(全国首店)		浦东新区	上海市浦东新区张杨北路1188号新嘉中心L5-45	active	110
822	东DōNG胶东小馆(万象城店)		闵行区	上海市闵行区吴中路1599号万象城L501e	active	120
823	大董海参店(越洋广场店)		静安区	上海市静安区南京西路1601号越洋广场5楼	active	400
824	紫荆阁·鲁菜本帮菜(东方路店)		浦东新区	上海市浦东新区东方路899号浦东假日酒店2楼(近向城路)	active	145
825	外婆家(静安大悦城店)		静安区	上海市静安区西藏北路166号大悦城南座7层	active	54
826	新发现(绿地缤纷城店)		徐汇区	上海市徐汇区瑞平路88号绿地缤纷城2层WD-201/202/207室	active	65
827	钱塘秋荷·新江浙菜(真华路店)		宝山区	上海市宝山区真华路1101号1楼-2室	active	95
828	杭州新开元大酒店(徐家汇路店)		黄浦区	上海市黄浦区徐家汇路560号(近打浦路)	active	100
829	江南晓馆(五角场合生汇店)		杨浦区	上海市杨浦区黄兴路2228号合生汇4楼	active	100
830	老头儿油爆虾(曲阳百联店)		虹口区	上海市虹口区中山北二路1818号百联曲阳购物中心4层	active	120
831	老头儿油爆虾(宏伊国际广场店)		黄浦区	上海市黄浦区南京东路288号宏伊国际广场F5	active	120
832	张生记(丁香国际店)		浦东新区	上海市浦东新区丁香路858号丁香国际商业中心F3层	active	150
833	茶人村·江南雅宴(前滩店)		浦东新区	上海市浦东新区前滩大道650号前滩休闲公园内	active	120
834	锦楼·臻选新杭帮(陕西北路店)		静安区	上海市静安区陕西北路900号MOHO Mall写字楼2楼	active	110
835	锦楼·臻选新杭帮(正大广场店)		浦东新区	上海市浦东新区陆家嘴西路168号正大广场6楼44-46号	active	180
836	青彩轩·新浙菜(长宁国际店)		长宁区	上海市长宁区凯旋路1398号长宁国际T9幢301-302室	active	185
837	钱珑·江浙菜(真如大都会店)		普陀区	上海市普陀区真如环宇城大都会	active	180
838	陈公馆·Champion Tower(黄浦店)		黄浦区	打浦路15号中港汇大厦50层	active	550
839	龚禧龚禧·甬菜(汤臣洲际店)		浦东新区	张杨路777号汤臣洲际酒店二楼	active	450
840	甬府小鲜(静安嘉里中心店)		静安区	上海市静安区延安中路1238号静安嘉里中心4楼S4-01室	active	200
842	柒熙里(辛耕路店)		徐汇区	上海市徐汇区辛耕路154号(城开YOYO 1F/2F，近徐家汇地铁站)	active	100
843	卿家姆小馆·生腌熟醉·宁波小鲜(外滩店)		黄浦区	江西中路255号1F-103	active	150
844	丰收日(豫园店)		黄浦区	复兴东路789号上海外滩豫园美居酒店1-2楼	active	180
845	小宁波海鲜馆(天津路店)		黄浦区	天津路356号(南京东路地铁站1号口步行420米)	active	100
846	宁海食福·小漁家(复兴中路店)		徐汇区	复兴中路1251号(陕西南路站8号口步行5分钟)	active	160
847	甬季(浙鲜小酒馆·福州路店)		黄浦区	福州路666号	active	130
848	宁波汤团店(豫园店)		黄浦区	旧校场路122号(豫园商城内)	active	35
849	甬悦小馆(栖山路店)		浦东新区	栖山路147号	active	90
851	绍兴名菜(可乐路店,又称星火私房菜/绍兴名菜馆)		长宁区	上海市长宁区可乐路238号(近淞虹路口)	active	90
852	绍兴饭店·尊鲜(大宁国际店)		静安区	上海市静安区共和新路1998号大宁国际商业广场11座3楼(近大宁路)	active	200
853	孔乙己酒家(虹桥路店)		长宁区	上海市长宁区虹桥路1480号(近古北路,伊犁路站3号口步行约450米)	active	167
854	老绍兴大酒店(华灵路店)		宝山区	上海市宝山区华灵路1088号4楼(近新沪路,行知路站)	active	135
855	越稽·地道绍兴菜馆(PAC购物中心店)		静安区	上海市静安区常德路688号PAC购物中心3号楼(昌平路地铁站2号口步行约420米)	active	131
856	醉玖兰亭·精细绍兴菜(南京东路店)		黄浦区	上海市黄浦区南京东路300号恒基名人购物中心L6层L601-L603	active	200
857	绍荟悦(大宁店,原70后·绍东家)		静安区	上海市静安区共和新路2008号12栋512-2、513室	active	142
858	糯米帝·温州糯米饭(徐汇店)		徐汇区	徐汇区龙山新村88号-3(近宛平南路)	active	25
859	瓯江渔市·地标温州菜(思南路店)		黄浦区	黄浦区思南路30-2号2层(近淮海中路)	active	136
860	温牛也也(凯德晶萃店)		黄浦区	黄浦区徐家汇路268号凯德晶萃3楼	active	120
861	浙时码头·温州海鲜大排档(静安寺店)		静安区	静安区北京西路1829号玖博广场1层103-106室	active	156
862	瓯叙·温州家烧(上海首店)		静安区	静安区武定路718号PAC购物中心4号楼2层03单元	active	150
863	瓯江宴·海派温州菜(龙华会店)		徐汇区	徐汇区龙华路2778号龙华会L2层南区(龙华地铁站5号口旁)	active	170
864	瓯江悦·温州菜(虹口龙之梦店)		虹口区	上海市虹口区西江湾路388号凯德虹口商业中心(虹口龙之梦)	active	120
865	瓯宴·陆悦新温州菜(上海首店)		浦东新区	浦东新区中科路1817号陆悦天地水星三楼	active	188
866	浙时码头·温州海鲜大排档(汾阳路店)		徐汇区	徐汇区汾阳路110号(近音乐学院)	active	167
867	瓯越·尊鲜(CP静安店)		静安区	静安区愚园路68号晶品Crystal Galleria 6楼605	active	500
868	虹浦荟·新派温州菜(虹桥店)		长宁区	长宁区虹桥路2396号(独栋洋楼)	active	288
869	双井头饭店(上海首店)		黄浦区	黄浦区马当路恒基旭辉天地一层(马当路地铁站5号口约200米)	active	250
870	浙时渔季·温州小馆(虹桥南丰城店)		长宁区	长宁区遵义路150号虹桥南丰城商场北区5楼505B	active	245
871	新荣记(南京西路店)	Xin Rong Ji (West Nanjing Road)	静安区	上海市静安区南京西路688号恒基688广场L2(近青海路)	active	873
876	苏浙总会		浦东新区	上海市浦东新区世纪大道8号上海国金中心商场L4层	active	420
878	南麓·荟馆		浦东新区	浦东新区世纪大道8号上海ifc商场L3层	active	427
879	叶马荟馆		浦东新区	浦东新区世纪大道8号上海国金中心商场LG1层	active	380
880	兰亭月·江南宴(上生新所店)		长宁区	长宁区延安西路1262号上生新所18号别墅	active	465
881	福味福州名小吃		静安区	石门二路21-1号	active	40
882	榕汇来海鲜面		黄浦区	陆家浜路(近陆家浜路地铁站)	active	35
883	甲东南(东方路店)		浦东新区	东方路1486-1临(近蓝村路口)	active	87
884	荣先森福建小馆(美罗城店)		徐汇区	上海市徐汇区肇嘉浜路1111号美罗城A区4楼4-17商铺	active	86
885	福见仁FúDining·福州火灶(K11店)		黄浦区	淮海中路300号K11购物艺术中心3楼301-B商铺	active	150
886	席上·福建料理Hokkien Cuisine		静安区	福建北路100号万象天地慎余里6号	active	359
887	府/Fucheng(前滩华尔道夫)		浦东新区	林耀路18号前滩华尔道夫酒店16楼	active	600
888	屿园沙茶面(长春路店)		虹口区	长春路168号虹叶花苑(海伦路地铁站7号口步行330米)	active	39
889	林氏海蛎煎(福建路64号店)		黄浦区	福建路64号	active	24
890	泉仔·闽南小吃(定西路店)		长宁区	上海市长宁区定西路1273号（近1271号）	active	50
891	洪老大泉州风味小馆(武夷路/虹桥路店)		长宁区	虹桥路1112号(宋园路地铁站2号口步行460米)	active	75
892	阿翁沙茶面		虹口区	四川北路/长春路一带(13年老店)	active	40
893	黑明餐厅·厦门菜(CP静安店)		静安区	愚园路68号CP静安7楼703(静安寺地铁站步行370米)	active	180
894	呷佰贰		黄浦区	巨鹿路405号2楼(12号线南京西路站12口步行700米)	active	196
895	也红花·泉州风味(上海首店)		闵行区	联友路388号虹桥前湾印象城MEGA L3层	active	153
896	闽叔福建菜(陆家嘴中心L+Mall店)		浦东新区	陆家嘴中心L+Mall(商城路地铁站步行110米)	active	103
897	闽约闽南小馆		静安区	西康路850号604幢1楼C104室(曹家渡)	active	130
898	乾七道文化会馆(乾七道·莆田私宴荟)		虹口区	曲阳路复城国际3楼	active	350
899	闽味闽海海鲜酒楼(虹口店)		虹口区	广灵二路379号99旅馆2层	active	110
900	阿不先生福建小馆(鲁能中心店)		浦东新区	世博馆路50、52号地下一层B区域单元02室	active	35
901	莆味小馆(宝山万渡汇店)		宝山区	纪蕰路38号一层F1016室(万渡汇全季酒店隔壁)	active	55
902	莆田卤面馆(汇融天地店)		普陀区	曹杨路555号汇融天地B1层10-1号商铺	active	28
903	遇外滩SKYLINE(北外滩来福士店)	Meet The Bund SKYLINE	虹口区	上海市虹口区东大名路1089号北外滩来福士西塔56楼	active	700
904	福承(前滩华尔道夫店)		浦东新区	浦东新区林耀路18号上海前滩华尔道夫酒店16楼	active	1000
905	CHIC1699远洋私厨(华润时代广场店)		浦东新区	浦东新区张杨路500号华润时代广场8层L807号	closed	400
907	福序(徐汇滨江店)		徐汇区	徐汇区龙文路317号星瀚广场R5栋1-2层	active	450
908	海湾荟·闽采(世贸大厦40楼)		黄浦区	黄浦区广东路500号世贸大厦40楼	active	350
909	康丰路长沙米粉店		嘉定区	上海市嘉定区康丰路79号(近崇教路/阿克苏南路)	active	22
910	呷佬长沙手工米粉(金沙江路店)		普陀区	上海市普陀区金沙江路1836号(另长宁路88号KiNG88负一层)	active	25
911	亲亲长沙米粉(新闸路店)		静安区	上海市静安区新闸路868号(新福康里,自然博物馆地铁站2号口步行450米)	active	28
912	粉新社长沙米粉(华敏店)		长宁区	上海市长宁区延安西路652号华敏世纪广场一层(近江苏路地铁站)	active	42
913	佬湘集·湖南钵子菜(番禺路店)		长宁区	上海市长宁区番禺路222弄55号B1(美天市集/金地新华道负一层，近安西路)	active	55
914	湘小盏·不改良湖南菜(近铁广场店)		普陀区	上海市普陀区真北路818号近铁城市广场北区三楼	active	50
915	王胜利·长沙家菜馆(长宁来福士店)		长宁区	上海市长宁区长宁路1193号长宁来福士	active	68
916	望湘园(大宁店)		静安区	上海市静安区共和新路1978号大宁国际商业广场9座4F	active	76
917	巡湘记(徐汇日月光店)		徐汇区	上海市徐汇区漕宝路33号徐汇日月光中心1楼D座L1-53/55号	active	90
918	小团圆湘菜(东方路店)		浦东新区	上海市浦东新区东方路985号(汉庭与中油阳光大酒店旁，和记小菜隔壁)	active	93
919	许爷剁椒鱼头(天物空间店)		浦东新区	上海市浦东新区杨高中路2108号FOR天物空间A座1楼118	active	120
920	武妹娘湖南特色牛肉米粉(南泉北路店)		浦东新区	上海市浦东新区南泉北路1041号	active	18
921	粉醉牛·湖南米粉(中山西路店)		长宁区	中山西路1432弄1-48号虹南小区	active	15
922	粉牛牛常德牛肉米粉(灵石路店)		静安区	灵石路697号3-103号健康智谷	active	22
923	湘椒红常德牛肉粉(潍坊路店)		浦东新区	潍坊路(世纪汇对面)	active	25
924	食湘渔府·渔湘荟湖南土菜(大华店)		普陀区	万里街道大华路44号(原大华二路538号澳洲广场)	active	94
925	钵湘湘·常德钵子菜(浦东创始店)		浦东新区	东建路350号-105室	active	90
926	洞庭3000里·乡野湖南菜(苏河湾万象天地店)		静安区	福建北路100号苏河湾万象天地B2层	active	75
927	食湘渔府(茂名南路店)		黄浦区	茂名南路56号甲市场内B区一楼	active	103
928	借碗·湘西		长宁区	幸福路115号幸福里B座105室	active	110
929	罐罐儿·湘西小馆(鸿寿坊店)		普陀区	上海市普陀区新会路236弄1号鸿寿坊3号楼2层203室	active	90
930	罐罐儿·湘西家味(世博天地店)		浦东新区	世博天地商业体（近地铁耀华路站）	active	80
931	湘西农家菜(古美路店)		闵行区	东兰路288号2号楼2-108室	active	55
932	芙蓉阁(三湘大厦店)		长宁区	中山西路1243号三湘大厦2楼	active	90
933	西湘姑娘·湖南菜(沪太路店)		宝山区	沪太路3100号尚大国际E座一层E107	active	75
934	湘约屋坎上·土家菜(松江鹿都店)		松江区	松汇中路568号鹿都国际购物广场	active	80
935	湘西酒楼(虬江路店)		静安区	虬江路835号（近宝山路地铁站1号口）	active	60
936	甬府·世博轩(世博中心店)		浦东新区	浦东新区世博大道1500号世博中心3号门5层	active	307
937	湘上粤(老码头Wharf三号库店)		黄浦区	黄浦区外马路601号老码头Wharf三号库F2层	active	268
938	十里湘荟(前滩太古里店)		浦东新区	浦东新区东育路500弄前滩太古里石区S-L3-06b	active	189
939	留柱小馆(梅陇店)		闵行区	上海市闵行区梅陇西路66-68号	active	84
940	徽味轩(中山北路店)		普陀区	上海市普陀区中山北路1909号(近光新路)	active	84
941	庆杰徽菜馆(曹路总店)		浦东新区	上海市浦东新区上川路1760号	active	60
942	璞徽(正大广场店)		浦东新区	上海市浦东新区陆家嘴西路168号正大广场5楼	active	220
943	皖荟·徽菜(白玉兰广场店)		虹口区	上海市虹口区东长治路588号白玉兰广场购物中心L2层09号	active	90
944	徽苑·新徽菜·烤鸭(万象城店)		闵行区	上海市闵行区吴中路1599号万象城6楼(屋顶花园旁)	active	160
945	徽江悦(外滩老码头店)		黄浦区	上海市黄浦区外马路601号老码头3号库2楼	active	180
946	嘉良驿园(闵行合川路店)		闵行区	上海市闵行区合川路2928号利邻荟A栋2楼	active	180
947	孙大师小鲜（原小皖宴）		浦东新区	张杨路500号华润时代广场7楼	active	150
950	梦都海鲜酒家		嘉定区	金沙江西路1063号万达广场北广场1楼电梯直达4楼	active	130
951	徽州月·民间徽菜（浦东总店）		浦东新区	浦东大道1088号（14号线源深路站3A出口直行100米）	active	118
952	皖燕·南陵人家		嘉定区	江佳路106号（嘉怡路地铁站4号口步行410米）	active	95
953	皖山汇小馆		黄浦区	斜土路768号致远大厦2楼（卢湾中学对面）	active	80
954	醉徽楼		浦东新区	杨南路399弄1号（上南翡翠苑南门）	active	92
956	朏记红皮鸭（胐记）		普陀区	长寿路333号旭辉里F2层（长寿路地铁站7号口步行160米）	active	65
957	宋记淮南牛肉汤(虹梅路店)		闵行区	虹梅路环镇南路	active	25
958	骨里香淮南牛肉汤(绿苑路店)		嘉定区	安亭镇绿苑路570号	active	12
959	阿英阿英·正宗淮南牛肉汤		静安区	胶州路与北京西路交叉口北20米(近静安寺)	active	32
960	淮南牛肉汤(兰溪路92号老店)		普陀区	兰溪路92号(曹杨新村)	active	20
961	正宗安徽太和板面(莎海商务大厦店)		闵行区	中春路7319号莎海商务大厦	active	22
962	玉花姐皖北地锅鸡(包头路旗舰总店)		杨浦区	包头路276号	active	70
963	地锅公社(罗锦路店)		闵行区	罗锦路85号	active	60
964	辉嫂老铁地锅(中华新路店)		普陀区	中华新路1156号	active	75
965	皖北羊肉馆(华新店)		青浦区	华志路555号A区17幢101号	active	37
966	品粹1788		浦东新区	浦东新区世纪大道1788号陆家嘴金控广场V2别墅	active	1000
967	丹凤楼雅宴·大富贵(斜土店)		黄浦区	黄浦区斜土东路18号2楼	active	200
968	品粹生态餐饮(绿地海外滩店)		黄浦区	黄浦区中山南路566弄外滩绿地中心B栋	active	300
970	憶长安·西安宴·陕派官府菜		浦东新区	上海市浦东新区锦延路282号	active	320
971	懒猴子泡馍(打浦桥店)		黄浦区	上海市黄浦区肇嘉浜路6号乙	active	38
972	秦潮食集(花木时光店)		浦东新区	上海市浦东新区杨高南路99弄1号花木时光里B1-122号	active	45
973	陕现·西安小馆(西岸凤巢店)		徐汇区	上海市徐汇区云锦路683号西岸凤巢AI PLAZA 5楼	active	75
974	子午路张记肉夹馍(思南路店)		黄浦区	上海市黄浦区思南路7号	active	52
975	西安5号米皮(仙霞西路店)		长宁区	上海市长宁区仙霞西路636号	active	28
976	秦韵味道(国权北路店)		杨浦区	上海市杨浦区国权北路1372号、1374号	active	40
977	麦之初·陕小馆(长宁Art Park大融城店)		长宁区	上海市长宁区淞虹路377号长宁Art Park大融城LG2	active	37
978	张有德老字号牛肉面		静安区	上海市静安区愚园路315号(静安寺地铁站1号口步行360米)	active	34
979	德元兰州纯汤牛肉面(奉贤路店)		静安区	上海市静安区奉贤路55-1号	active	36
980	宁夏印象·盐池滩羊(徐家汇店)		徐汇区	上海市徐汇区蒲汇塘路98号-6幢1层102室	active	150
981	宁夏马记彭浦清真饭店		静安区	上海市静安区汾西路753号（近平顺路）	active	91
982	翠花娘家东北菜(国和路店)		杨浦区	国和路1203号(近包头路)	active	80
983	吕老哈印象锅包肉(虹口海伦路店)		虹口区	四平路海伦路地铁站附近(原东北篱笆院)	active	70
984	冰城老于家(徐汇店)		徐汇区	宛平南路404号(近斜土路/东安路)	active	85
985	李老哈·东北菜(宋园路店)		长宁区	宋园路73号	active	80
986	军哥饺子王		闵行区	芦恒路196弄一品漫城二期商业街30号102	active	50
987	傻大姐东北菜水饺(梅川路店)		普陀区	梅川路	active	35
988	姚稷大铁锅(东新路店)		普陀区	东新路143号	active	80
989	玺炖·中国铁锅炖(陆家嘴店)		浦东新区	浦东大道1096号	active	90
990	老朴家铁锅炖(总店)		黄浦区	天津路423-3号	active	88
991	瑞鑫饺子馆(兰溪路店)		普陀区	兰溪路29号(近曹杨路)	active	56
992	仲秋的饺子馆(曹杨路复悦荟店)		普陀区	曹杨路复悦荟(真如站附近)	active	50
993	东北四季饺子王(昌平路店)		静安区	昌平路7号	active	35
994	喜鼎海胆水饺(长宁来福士店)		长宁区	长宁路1191号长宁来福士L1层(老洋房)	active	237
995	喜尚鲜·东北小馆(外滩外白渡桥店)		虹口区	北外滩外白渡桥旁	active	150
996	上关雪东北菜(宝地广场店)		杨浦区	昆明路555号宝地广场C座2楼	active	120
997	海金滋(陕西南路店)		黄浦区	进贤路240号(近陕西南路)	active	75
998	兰心餐厅(进贤路店)		黄浦区	进贤路130号(近茂名南路)	active	100
999	茂隆餐厅(进贤路店)		黄浦区	进贤路134号(近茂名南路)	active	112
1000	德兴馆(广东路总店)	De Xing Guan	黄浦区	上海市黄浦区广东路471号(近福建中路)	active	49
1001	春餐厅(进贤路店)		黄浦区	进贤路124号	active	131
1002	老吉士酒家(天平路店)		徐汇区	天平路41号(近淮海中路)	active	260
1003	上海老饭店(豫园店)	Shanghai Classical Restaurant	黄浦区	上海市黄浦区福佑路242号(豫园商城内)	active	164
1004	老正兴菜馆(福州路店)		黄浦区	福州路556号	active	180
1005	圆苑(兴国路店)		徐汇区	兴国路201号(近泰安路)	active	190
1006	绿波廊(豫园店)	Lu Bo Lang	黄浦区	上海市黄浦区豫园路115号(近九曲桥)	active	162
1007	福1015(愚园路店)	Fu 1015	长宁区	上海市长宁区愚园路1015号	active	1300
1008	雍福会(永福路店)		徐汇区	永福路200号(原英国领事馆)	active	900
1009	王宝和酒家(福州路总店)		黄浦区	福州路603号	active	1100
1010	滇味园传统云南过桥米线(宁波路店)		黄浦区	上海市黄浦区宁波路204号C	active	51
1011	上汤·云南过桥米线·卤烤(奉贤路店)		静安区	上海市静安区奉贤路218号(奉贤路南汇路口)	active	65
1012	云采云南菜(云南大厦店)		普陀区	上海市普陀区中山北路2088号云南大厦3层	active	100
1013	云之缘云南民族菜Lotus Eatery(定西路店)		长宁区	上海市长宁区定西路1112号(近武夷路/民生银行斜对面)	active	120
1014	麦麦山云南菜(缤谷广场店)		长宁区	上海市长宁区天山路341号缤谷广场西座301室	active	100
1015	岚·山野云南特色菜(愚园路CP静安店)		静安区	愚园路1398号CP静安6楼	active	110
1016	滇界云南鲜菌火锅(五角场万达店)		杨浦区	上海市杨浦区国宾路58号五角场万达广场B座1-2层外街(小米北侧,地铁10号线五角场站5号口)	active	220
1017	黔莊		闵行区	上海市闵行区七莘路3599号华商时代广场5栋102-108号	active	85
1018	秦香岚·贵州菜·凯里酸汤鱼		长宁区	上海市长宁区天山路1111号创邑MIX下沉广场B1(奥乐齐旁)	active	80
1019	八山一水黔菜餐厅		浦东新区	上海市浦东新区成山路1339号2层	active	90
1020	上黔庄一品·酸汤鱼(吴中路店)		闵行区	上海市闵行区吴中路933号(环镇西路口)	active	100
1021	黔香阁(虹中路店)		闵行区	上海市闵行区虹中路527号	active	150
1022	黔山婆·地道贵州菜(静安店)		静安区	上海市静安区富民路179号2楼	active	130
1023	山石榴·贵州菜(丰盛里店)		静安区	茂名北路281弄16号304单元3楼(南京西路地铁站14号口旁)	active	117
1024	毛辣果Maolaguo		徐汇区	上海市徐汇区复兴西路100-2号	active	220
1025	怡妮新疆风味餐厅(东江湾路店)		虹口区	虹口区东江湾路98号(近宝山路,敏德坊西北1门旁)	active	64
1026	艾尼巴亿餐厅(曲阳路店)		虹口区	曲阳路759号天山宾馆1楼(近中山北二路)	active	95
1027	西域盛宴(古美店)		闵行区	古美路1488号1-2层(近漕宝路)	active	80
1028	新疆伊宁远征餐厅		静安区	乌鲁木齐北路191号一楼(近愚园路)	active	84
1029	二道桥1881西域楼兰餐厅		虹口区	花园路171号(虹口足球场地铁站3/8号线7号口)	active	80
1030	锡伯新疆餐厅(常熟路店)		静安区	常熟路83号神州商务大厦3楼(近巨鹿路)	active	150
1031	胡集酒肆·唐潮西域菜(万象城店)		闵行区	吴中路1599号万象城5层L517室	active	120
1032	BARFU·抓饭屋(武定路店)		静安区	武定路365号-1	active	56
1033	卡尔湾新疆餐厅(虹梅路店)		闵行区	虹梅路地铁站附近	active	38
1034	塔城饭店(新沪路店)		宝山区	新沪路	active	50
1035	阿卡哥哥·喀什葛尔手抓饭(静安店)		静安区	静安区	active	55
1036	黑丰抓饭(国济路店)		杨浦区	国济路30号-15(江湾体育场地铁站2号口步行130米)	active	45
1037	捡角台湾食堂(古北店)		长宁区	上海市长宁区伊犁南路288弄7幢7号楼一层713室	active	50
1038	芳邻食堂(宋园路店)		长宁区	宋园路38号	active	50
1039	吉亨面馆(古北1699店)		闵行区	古北路1699号古北1699商业广场B2层	active	55
1040	台北七条通牛肉面(漕宝路店)		徐汇区	漕宝路400号明申商务广场F1层(原苍梧路14-20号)	active	45
1041	鹅庄·台湾美食(金汇庭院店)		闵行区	金汇路467号(桔子酒店旁)	active	60
1042	吴记鲜定味(吴中路店)		闵行区	吴中路1050号盛世莲花广场东楼1层(莲花路口北)	active	155
1043	和盈台湾料理(东方路店)		浦东新区	东方路1298号1层(近峨山路口)	active	90
1044	千秋小馆·台湾菜(古北店)		长宁区	黄金城道887号鹿特丹花园(荣华东道19弄)	active	71
1045	蔡家食谱(古北一店)		长宁区	上海市长宁区水城南路85号美丽华花园首层D区(近延安西路)	active	130
1046	台北雅厨(中芯花园店)		浦东新区	青桐路199弄中芯花园15号(近广兰路丹桂路)	active	90
1047	光头匠·光实匠(南丰城店)		长宁区	遵义路100号虹桥南丰城南区3楼L330单元	active	231
1048	bistro bonbon凤凤亭(武夷路店)		长宁区	武夷路168号翡悦里2号楼1层106	active	185
1049	美·大董(外滩BFC店)		黄浦区	中山东二路558号BFC外滩金融中心N1幢201单元	active	500
1050	四季民福PEKING CHAMBER(吴淞路外白渡桥店)		虹口区	吴淞路130号城投控股大厦裙楼北座3层	active	200
1051	全聚德(淮海中路店)		黄浦区	淮海中路780号栗时代大厦4F	active	120
1052	小大董(新世界城店)		黄浦区	南京西路2-68号新世界城6楼	active	120
1053	洪长兴(云南南路店)		黄浦区	云南南路1号(近延安东路，大世界地铁站1号口步行230米)	active	89
1054	老门框爆肚涮肉(四川北路店)		虹口区	四川北路838号1楼	active	110
1055	南门涮肉(世博大道总店)		浦东新区	世博大道450号	active	150
1056	佟爷老北京炙子烤肉(定西路店)		长宁区	定西路655-2号(定西路美食街)	active	115
1057	小吊梨汤·北京菜·烤鸭(豫园店)		黄浦区	旧校场路159号豫园百货天裕楼3楼(近7号门)	active	100
1058	谢记武汉热干面(七浦路店)		虹口区	七浦路(近海宁路/天潼路商圈)	active	17
1059	蔡记炸酱热干面(昌里路店)		浦东新区	上海市浦东新区昌里路247-3号	active	21
1060	九宫殿热干面(来福士广场店)		黄浦区	西藏中路268号来福士广场B1层	active	34
1061	楚褚热干面(宝山万达店)		宝山区	宝山万达广场(一二八纪念路/共和新路)	active	22
1062	楚韵酒馆·湖北卤味·潜江小龙虾(徐泾店)		青浦区	盈港东路2815号(徐泾/虹桥商务区)	active	102
1063	来菜·湖北头牌藕汤(环球港店)		普陀区	中山北路3300号月星环球港4楼	active	90
1064	老荆味武汉美食		黄浦区	上海市黄浦区延安东路700号港泰广场1楼	active	25
1065	莲餐厅·湖北菜(中山公园店)		长宁区	上海市长宁区长宁路641号(长宁区政府隔壁，江苏路街道)	active	90
1066	监利早酒·湖北菜(国定路店)		杨浦区	国定路504号(近复旦大学/五角场)	active	120
1067	椰子不语椰子鸡火锅(淮海店)		黄浦区	淮海中路939号巴黎春天4楼01号	active	135
1068	冷三先生(虹莘路店)		闵行区	闵行区虹莘路3988号帝璟大厦216室	active	110
1069	嗲嗲的椰子鸡·太琼糟粕醋(百联又一城店)		杨浦区	淞沪路8号百联又一城购物中心8F	active	129
1070	牛信亭炭火烤肉·韩式料理(虹泉路店)		闵行区	闵行区虹泉路1101弄28号B座	active	100
1071	扎西达娲藏文化演艺餐厅(徐汇绿地缤纷城店)		徐汇区	东安路562号绿地缤纷城	active	98
1072	多杰拉姆藏餐吧(朱家角店)		青浦区	朱家角古镇西湖街41号	active	80
1073	喜来稀肉(虹泉路店)		闵行区	闵行区虹泉路1101弄10号	active	112
1074	陆丝芬·柳州原汤螺蛳粉(淮海中路店)		黄浦区	淮海中路542弄3号	active	42
1075	青春贝壳韩国烤肉(旗舰店)		长宁区	长宁区古北路1699号大成商务广场2楼	active	150
1076	文家粉楼(静安大悦城店)		静安区	西藏北路166号静安大悦城香蕉市场	active	40
1077	正三熙小木屋烤肉(虹泉路一号店)		闵行区	闵行区虹泉路1101弄46号1楼	active	130
1078	赣南粉局·江西锅气炒粉(久光中心店)		静安区	共和新路2188号上海久光中心B2	active	35
1079	孔德洞真味酱蟹		闵行区	闵行区银亭路天乐广场3楼	active	200
1080	掌柜的店·河南菜(日月光店)		黄浦区	徐家汇路618号日月光中心广场2F-16B	active	88
1081	草家真味酱蟹(天乐广场店)		闵行区	闵行区银亭路天乐广场	active	180
1082	荣豫·河南菜(ONE上海张园店)		静安区	南京西路张园ONE Shanghai	active	100
1083	韩味岛酱蟹(天乐广场店)		闵行区	闵行区银亭路天乐广场102号	active	100
1084	熹餐厅		杨浦区	民府路578号尚浦汇一期T3号楼1层01-02室(B站总部正门)	active	200
1085	富乐满韩国正宗炸鸡(虹泉路店)		闵行区	闵行区虹泉路1051弄9号(近金汇南路)	active	100
1086	大翰宫·蒙古包烤全羊·融合菜(七宝店)		闵行区	沪星路105号金尊广场4楼	active	120
1087	bb.q Chicken比比客(虹泉路店)		闵行区	闵行区虹泉路1078号井亭天地生活广场	active	90
1088	家在塔啦·烤全羊·蒙古包餐厅(天钥桥路店)		徐汇区	天钥桥路214号哈尼美食广场4层	active	127
1089	多乐房土豆汤(虹泉路店)		闵行区	闵行区虹泉路1078号井亭天地生活广场	active	95
1090	额尔敦传统涮(延安中路店)		静安区	延安中路1111号	active	126
1091	万寿亭参鸡汤(虹泉路店)		闵行区	闵行区虹莘路3988号帝璟大厦2楼207室	active	90
1092	济州食堂by钟路商会(虹泉路店)		闵行区	闵行区虹泉路1078号井亭天地东区F2	active	100
1093	巴屋巴屋正宗韩国料理		闵行区	闵行区虹泉路1051弄17号1楼103室	active	95
1094	青鹤谷烤肉(虹泉路店)		闵行区	闵行区虹泉路1078号井亭天地生活广场	active	140
1095	姜虎东白丁(上海店)		闵行区	闵行区虹泉路1078号井亭天地生活广场	active	130
1096	四面泰(环贸iapm店)		徐汇区	徐汇区淮海中路999号环贸iapm广场L5	active	150
1097	Home Thai(K11店)		黄浦区	黄浦区淮海中路300号K11购物艺术中心4层	active	160
1098	富贵椰Thai Bistro & Eatery(丰盛里店)		静安区	静安区茂名北路丰盛里	active	140
1099	POETS泰狮(徐家汇店)		徐汇区	徐汇区肇嘉浜路1111号美罗城	active	130
1100	Mi Thai(安福路店)		徐汇区	徐汇区安福路	active	150
1101	Hidden Thai Bistro		静安区	静安区南京西路1601号芮欧百货B1	active	110
1102	Akanee Thai Izakaya(愚园路)		静安区	静安区愚园路	active	160
1103	Zaafran(素凯泰酒店)		静安区	静安区威海路388号素凯泰酒店内	active	350
1104	泰北清迈小馆(虹桥路店)		徐汇区	徐汇区虹桥路地铁站附近	active	100
1105	清迈排挡(北外滩来福士店)		虹口区	虹口区东大名路999号北外滩来福士B1	active	110
1106	船面专门店(美罗城店)		徐汇区	徐汇区肇嘉浜路1111号美罗城	active	60
1107	大学路泰餐(大学路店)		杨浦区	杨浦区大学路	active	90
1109	清迈瓦罐火锅		徐汇区	徐汇区永康路	active	120
1110	Rasa Rasa越南料理&串烧(新天地店)		黄浦区	黄浦区淮海中路333号新天地广场4楼	active	120
1111	FAT PHO大發越南粉(丰盛里店)		静安区	静安区茂名北路丰盛里	active	80
1112	FAT PHO大發越南粉(新天地店)		黄浦区	黄浦区淮海中路333号新天地广场B2层17室	active	67
1113	西贡妈妈Saigon Mama(上海商城店)		静安区	静安区南京西路1376号上海商城1层	active	84
1114	西贡妈妈Saigon Mama(港汇恒隆店)		徐汇区	徐汇区虹桥路1号港汇恒隆广场北座5楼537室	active	100
1115	PhoToShop福秀·越南餐厅		静安区	静安区北京西路静安星座4楼	active	90
1116	越厨西贡Saigon Bistrot(陆家嘴中心店)		浦东新区	浦东新区浦东南路899号陆家嘴中心L+MALL5楼515	active	120
1117	阮千金·法式越南菜		静安区	静安区静安公园内	active	100
1118	爱在河内越南餐厅		静安区	静安区武定路	active	80
1119	印象芽庄越式餐厅(新华路店)		长宁区	长宁区新华路398号丰臣影城1楼	active	81
1120	普榄越南餐厅(啦啦宝都店)		浦东新区	浦东新区新金桥路738号啦啦宝都5F519	active	70
1121	越南美食安宫AoBaBa		长宁区	长宁区仙霞路701号	active	90
1122	越洋越南菜		徐汇区	徐汇区永康路	active	95
1123	PHO LA越南粉		静安区	静安区延平路	active	75
1124	西贡Saigon越南菜(中环广场店)		黄浦区	黄浦区淮海中路381号中环广场	active	90
1125	星洲小馆·新加坡菜(太阳宫店)		虹口区	虹口区瑞虹路181号太阳宫L5-15&16	active	110
1126	星洲小馆·新加坡料理(田子坊店)		黄浦区	黄浦区泰康路田子坊	active	100
1127	芽笼芽笼新加坡餐厅(浦东嘉里城店)		浦东新区	浦东新区花木路1378号嘉里城负1层B111号	active	95
1128	芽笼芽笼新加坡餐厅(来福士广场店)		黄浦区	黄浦区西藏中路268号来福士广场B1层01A室	active	87
1129	钨节路新加坡餐厅		静安区	静安区新闸路1788号	active	90
1130	Secret Flavor(马来清真)		长宁区	长宁区黄金城道	active	120
1131	兴兴东南亚饮食阁		闵行区	闵行区黄桦路542号	active	80
1132	金椰壳(印力中心店)		杨浦区	杨浦区农林路69号印力中心2层02-07A	active	160
1133	南洋南香·东南亚美食(16铺店)		黄浦区	黄浦区南京西路	active	130
1134	Docks河畔餐厅(静安英迪格)		静安区	静安区山海关路388号静安英迪格酒店内	active	180
1135	Garuda巴东印尼餐厅		长宁区	长宁区延安西路	active	80
1136	娘惹情		静安区	静安区大沽路417号	active	110
1137	Jean Georges 上海	Jean Georges	黄浦区	黄浦区中山东一路3号外滩三号4楼	active	1200
1138	Masala Art Indian Cuisine(大沽路店)		静安区	静安区大沽路397号(近成都北路)	active	186
1139	L'Atelier de Joël Robuchon 乔尔·卢布松美食坊	L'Atelier de Joël Robuchon	黄浦区	黄浦区中山东一路18号外滩18号3楼	active	1600
1140	RANGOLI蓝果丽印度餐厅(古北SOHO店)		长宁区	长宁区红宝石路188号古北SOHO B1-25	active	100
1141	Maison Lameloise 莱美露滋	Maison Lameloise	浦东新区	浦东新区世纪大道501号上海中心大厦68楼	active	1500
1142	KLAY Modern Indian Restaurant(北京西路店)		静安区	静安区北京西路	active	160
1143	Le Comptoir de Pierre Gagnaire	Le Comptoir de Pierre Gagnaire	徐汇区	徐汇区永嘉路300号嘉佩乐酒店石库门内	active	1000
1144	虹盐RED SALT新派印巴餐厅(禧瑞广场店)		长宁区	长宁区延安西路2088号睿珑广场B146	active	124
1145	Phénix 斐霓丝餐厅酒吧	Phénix	静安区	静安区裕通路100号素凯泰酒店2楼	active	800
1146	Kaveen's Kitchen印度餐厅(虹桥店)		长宁区	长宁区延安西路2077号金桥大厦	active	110
1147	1929 by Guillaume Galliot	1929 by Guillaume Galliot	徐汇区	徐汇区长乐路与茂名南路交叉口近茂名南路128号	active	800
1148	Indian Kitchen(南印)		长宁区	长宁区虹梅路3911号老外街	active	100
1149	Dakshin南印餐厅		闵行区	闵行区虹泉路	active	90
1150	POPOT 博朴(徐汇店)	POPOT	徐汇区	徐汇区建国西路283号尚街LOFT 1幢109室	active	150
1151	Dev Bhoomi Curry House		闵行区	闵行区虹泉路	active	80
1152	POLUX	POLUX by Paul Pairet	黄浦区	黄浦区马当路245号新天地时尚II	active	180
1153	Bombay Bistro		静安区	静安区吴江路	active	130
1154	SHADOWS(安福路店)	SHADOWS	徐汇区	徐汇区安福路308号	active	200
1155	Indian Curry Hut		闵行区	闵行区永平南路181号	active	70
1156	LE VERRE à vin by MIG	Le Verre a Vin by MIG	静安区	静安区武定路近胶州路	active	220
1157	Vedas Indian Restaurant		长宁区	长宁区虹梅路3911号老外街	active	140
1159	Delhi Darbar		长宁区	长宁区延安西路	active	120
1160	Mignon 9	Mignon 9	徐汇区	五原路71号（近常熟路/乌鲁木齐路）	active	128
1161	Punjabi Bistro旁遮普		静安区	静安区南京西路	active	130
1162	Luneurs(洛克·外滩源店)	Luneurs Boulanger & Glacier	黄浦区	黄浦区虎丘路14号洛克·外滩源	active	80
1163	安比斯印度餐厅		黄浦区	黄浦区淮海中路	active	110
1164	Pain Chaud(建国西路店)	Pain Chaud	徐汇区	徐汇区建国西路256号近岳阳路	active	60
1165	Otantik黎凡特美食(吴江路店)		静安区	静安区吴江路15号1层	active	180
1166	La Boulangerie by Pierre Gagnaire	La Boulangerie	徐汇区	徐汇区永嘉路近岳阳路	active	70
1167	Otantik黎凡特美食(西藏中路店)		黄浦区	黄浦区西藏中路336号101-1B室	active	160
1168	Land of Butterful & Creamorous	Butterful & Creamorous	黄浦区	黄浦区兴业路123弄6号楼1楼L1-18单元	active	80
1169	MAKAN阿拉伯餐厅		黄浦区	黄浦区南京东路	active	150
1170	VERIE BAKEHOUSE(马当路店)	VERIE BAKEHOUSE	黄浦区	黄浦区马当路245号新天地时尚II L层L108	active	70
1171	Eli Falafel(人民广场店)		黄浦区	黄浦区九江路686号1层	active	80
1172	Brothers Kebab(奉贤路店)		静安区	静安区奉贤路310号(近陕西北路)	active	72
1173	Da Vittorio Shanghai	Da Vittorio Shanghai	黄浦区	黄浦区中山东二路600号BFC外滩金融中心南区1楼	active	2000
1174	Brothers Kebab(长寿路店)		普陀区	普陀区长寿路868号3楼	active	75
1175	8½ Otto e Mezzo Bombana	8½ Otto e Mezzo Bombana	黄浦区	黄浦区圆明园路169号协进大楼1-2楼	active	1500
1177	Mercato by Jean-Georges	Mercato	黄浦区	黄浦区中山东一路18号外滩18号6楼	active	600
1178	Habibi中东餐厅		徐汇区	徐汇区永康路131号(近襄阳南路)	active	150
1179	BOTTEGA 意库	BOTTEGA	静安区	静安区南京西路近铜仁路	active	130
1180	Shiraz波斯餐厅		闵行区	闵行区虹梅路3911号老外街	active	160
1181	Mammamia 玛米亚	Mammamia	静安区	静安区巨鹿路758号近常熟路	active	120
1182	Barbarossa		黄浦区	黄浦区南京西路231号2楼(人民公园内)	active	220
1183	TOPO EXPRESS	TOPO EXPRESS	徐汇区	徐汇区永康路近岳阳路	active	90
1184	Hoxa Bistro沙美大楼		黄浦区	黄浦区北京东路194号沙美大楼2楼	active	180
1185	PIZZENELLA	PIZZENELLA	徐汇区	徐汇区永康路185号近襄阳南路	active	90
1186	罗宋娃娃正宗俄罗斯菜		长宁区	长宁区长宁路中山公园附近	active	95
1187	Mozzarella e Vino	Mozzarella e Vino	黄浦区	黄浦区圆明园路21号近虎丘路	active	160
1188	Khachapuri格鲁吉亚美食		静安区	静安区延平路	active	110
1189	ALLORA 意大利西餐厅(外滩店)	ALLORA	黄浦区	黄浦区中山东二路近新开河外滩	active	200
1190	撒马尔罕乌兹别克餐厅		长宁区	长宁区古羊路	active	100
1191	Osteria Garden 生蚝花园餐厅	Osteria Garden	徐汇区	徐汇区宝庆路近复兴中路(原进贤路)	active	200
1192	丝路驿站中亚餐厅		闵行区	闵行区虹泉路	active	90
1193	Grappa's 意大利餐厅	Grappa's	黄浦区	黄浦区南京西路325号上海美术馆旁	active	220
1194	Vesta 意式餐厅	Vesta	静安区	静安区愚园路近江苏路	active	150
1195	何东故居披萨(襄阳店)	Heung San Restaurant	徐汇区	徐汇区襄阳北路近新乐路(何东故居老洋房)	active	180
1196	Mercado 505 Gourmet Restaurant	Mercado 505	静安区	静安区乌鲁木齐北路505号近华山路	active	400
1197	el Willy(中山东二路店)	el Willy	黄浦区	黄浦区中山东二路22号501近新永安路	active	500
1198	CRAZYONES 克芮旺斯(前滩店)	CRAZYONES	浦东新区	浦东新区耀体路308号晶耀前滩Crystal Plaza F3层	active	105
1199	CRAZYONES 克芮旺斯(合生汇店)	CRAZYONES 合生汇店	杨浦区	杨浦区五角场合生汇5楼L5-04	active	110
1200	EL Bodegon	EL Bodegon	静安区	静安区陕西北路600号近新闸路	active	180
1201	Brownstone Tapas & Lounge	Brownstone Tapas & Lounge	静安区	静安区铜仁路近南京西路	active	200
1202	Tomatito	Tomatito	黄浦区	黄浦区太仓路近马当路新天地	active	260
1203	宝莱纳餐厅(北外滩店)	Paulaner North Bund	虹口区	虹口区东大名路500号北外滩航海公园往外滩方向一号平台2楼	active	300
1204	德国瀚克硕啤酒花园餐厅 Hacker-Pschorr	Hacker-Pschorr	杨浦区	杨浦区安浦路615号东方渔人码头B区103	active	160
1205	宝莱纳餐厅(长宁来福士店)	Paulaner Changning Raffles	长宁区	长宁区长宁路1193号长宁来福士广场	active	280
1206	宝莱纳餐厅(西岸梦中心店)	Paulaner West Bund	徐汇区	徐汇区龙腾大道2266号Gate M西岸梦中心	active	280
1207	宝莱纳餐厅(新天地店)	Paulaner Xintiandi	黄浦区	黄浦区太仓路181弄新天地北里	active	280
1208	德国啤酒屋(安亭路老洋房)	Brotzeit German Bier Restaurant	徐汇区	徐汇区安亭路近永嘉路老洋房	active	220
1209	飞象西餐厅	Feixiang Russian Restaurant	静安区	静安区共和新路2750号锦荣国际大酒店1楼	active	150
1210	KIRILLITSA 西里尔俄罗斯餐厅	KIRILLITSA	黄浦区	黄浦区汉口路201号5楼(老市府大楼)	active	600
1211	俄士厨房(环球港店)	Russian Kitchen	普陀区	普陀区中山北路3300号月星环球港4楼	active	130
1212	HELLO KIEV 乌克兰主题餐厅(世博源店)	HELLO KIEV	浦东新区	浦东新区世博大道1368号世博源	active	150
1213	哈尔滨餐厅(海派俄式)	Harbin Restaurant	虹口区	虹口区四川北路近武进路	active	80
1214	Wolfgang's Steakhouse 沃夫冈牛排馆	Wolfgang's Steakhouse	虹口区	虹口区东长治路588号白玉兰广场1楼L1-05	active	1100
1215	Cantina Agave(富民路店)	Cantina Agave	徐汇区	徐汇区富民路291号悟锦世纪大厦1层01A室	active	130
1216	El Santo Tacos&Tequila(158坊店)	El Santo	徐汇区	徐汇区建国西路158号158坊	active	130
1217	Morton's The Steakhouse 莫尔顿牛排坊	Morton's The Steakhouse	浦东新区	浦东新区世纪大道8号国金中心商场4楼15-16号商铺	active	1200
1218	LOS PACOS帕库墨西哥餐厅(上生新所店)	Los Pacos	长宁区	长宁区延安西路1262号上生新所5号楼101室	active	120
1219	Texas Roadhouse 德州公路牛排馆(世纪汇店)	Texas Roadhouse	浦东新区	浦东新区世纪大道1192号世纪汇广场	active	200
1220	Maya	Maya Restaurant	静安区	静安区巨鹿路568弄10号2楼	active	140
1221	Mayita	Mayita Shanghai	黄浦区	黄浦区寿宁路98号6楼	active	140
1222	Blue Frog 蓝蛙	Blue Frog	长宁区	长宁区虹桥路1号南丰城内	active	150
1223	El Luchador	El Luchador Xintiandi	徐汇区	徐汇区永康路85号	active	130
1224	Laya Burger 拉亚汉堡(宜山路店)	Laya Burger	徐汇区	徐汇区中山西路2006号近宜山路	active	80
1225	CHIHUAHUA墨西哥餐厅	Chihuahua	静安区	静安区新闸路1788号2楼	active	100
1226	Tequilaz Mexican Bar	Tequilaz	静安区	静安区陕西北路362号(近北京西路)	active	110
1227	Bourbon Cookhouse 玻本美式餐厅酒吧	Bourbon Cookhouse	闵行区	闵行区先锋街66号近金汇路	active	200
1228	Tajine Moroccan塔金摩洛哥中东餐厅	Tajine Moroccan	黄浦区	黄浦区延安东路7号2楼(华尔道夫酒店对面)	active	180
1229	Chili's 奇利斯(陆家嘴滨江店)	Chili's American Grill & Bar	浦东新区	浦东新区富城路近滨江大道(陆家嘴滨江)	active	180
1230	Brut Eatery悦璞食堂(肇嘉浜路店)	Brut Eatery	徐汇区	徐汇区肇嘉浜路238号地上一层(嘉善路地铁站2号口步行150米)	active	130
1232	Crafted 蔻阁梧桐露台西餐厅	Crafted	徐汇区	徐汇区衡山路近乌鲁木齐中路	active	150
1233	铁手咖啡制造局Metal Hands(永嘉路店)	Metal Hands	黄浦区	黄浦区永嘉路37号	active	48
1234	尚牛社会 Beef & Liberty	Beef & Liberty	静安区	静安区南京西路1376号上海商城111号商铺近西康路	active	180
1235	PAIN CHAUD百丘(建国西路店)	PAIN CHAUD	徐汇区	徐汇区建国西路256号(嘉善路地铁站2号口步行420米)	active	52
1236	gluglu面包店(思南路店)	gluglu	黄浦区	黄浦区思南路30号(淮海中路地铁站1号口步行210米)	active	45
1237	Shake Shack 奶昔小屋	Shake Shack	静安区	静安区南京西路1601号越洋广场	active	90
1238	SMAKA咖啡烘焙	SMAKA	长宁区	长宁区愚园路769号(江苏路地铁站3号口步行90米)	active	50
1239	Element Fresh 新元素	Element Fresh	静安区	静安区南京西路近静安寺(久光百货)	active	120
1240	LUNEURS月乐诗冰淇淋咖啡(北外滩来福士店)	Luneurs	虹口区	虹口区东大名路999号北外滩来福士01层11A室	active	55
1241	Speak Low彼楼	Speak Low	黄浦区	黄浦区复兴中路579号(近瑞金二路)	active	190
1242	The Nest(外滩)	The Nest	黄浦区	黄浦区南京东路20号外滩(外滩源33)	active	150
1243	鲜得来排骨年糕(雁荡店)	Xian De Lai	黄浦区	黄浦区雁荡路9号(近淮海中路)	active	40
1244	Greek Taverna Milos 希腊餐厅(老外街店)	Greek Taverna Milos	闵行区	闵行区虹梅路3338弄16号近延安西路	active	180
1245	柴爿馄饨	Chaipan Wonton	黄浦区	黄浦区顺昌路505号底层	active	25
1246	黄启云私房牛肉面工坊	Huang Qiyun Beef Noodle	闵行区	闵行区虹中支路175-1号虹桥奕境文创园	active	45
1247	The Fat Olive 欧立威	The Fat Olive	徐汇区	徐汇区永嘉路近岳阳路	active	220
1248	Efes Turkish & Mediterranean 爱妃丝土耳其餐厅	Efes	静安区	静安区华山路近南京西路老洋房	active	250
1249	So Mezze by Pasha	So Mezze by Pasha	长宁区	长宁区上生新所(宣化路近愚园路)	active	180
1250	ELI FALAFEL 黎巴嫩餐厅(富城路店)	ELI FALAFEL	浦东新区	浦东新区富城路近滨江大道(滨江公园旁)	active	120
1251	LEYAS 蕾娅中东美食	LEYAS Middle Eastern	黄浦区	黄浦区石库门街区近新天地	active	200
1252	Otantik	Otantik	徐汇区	徐汇区永嘉路近岳阳路	active	200
1253	KAPYA土耳其餐厅	KAPYA Turkish Restaurant	静安区	静安区南京西路(静安寺)	active	200
1254	Shanghai Tavern(上海艾迪逊酒店)	Shanghai Tavern	黄浦区	黄浦区南京东路199号辅楼1楼近河南中路	active	600
1255	Guinness Social by Butler & White's	Guinness Social	黄浦区	黄浦区泰康路210号田子坊内近打浦桥	active	130
1256	The Park Tavern	The Park Tavern	徐汇区	徐汇区徐近徐汇公园(老洋房)	active	130
1257	Camden's Fish and Chips	Camden's Fish and Chips	静安区	静安区巨鹿路158号Found 158内	active	90
1258	派社 Pie Society	Pie Society	徐汇区	徐汇区永康路近岳阳路	active	90
1260	BOR Eatery	BOR Eatery	徐汇区	徐汇区安福路近武康路(楼下FUNK&KALES)	active	180
1261	东湖宾馆北欧料理(瑞典主厨)	Nordic at Donghu Hotel	徐汇区	徐汇区东湖路7号东湖宾馆内	active	500
1262	EHB	EHB	徐汇区	徐汇区东平路11号	closed	2688
1263	北欧森林(安福路)	Nordic Forest	徐汇区	徐汇区安福路近武康路	active	180
1264	申德勒加油站西餐厅 Schindlers Tankstelle(外滩店)	Schindler's Tankstelle	黄浦区	黄浦区九江路168号1楼(圣三一大教堂对面,礼和洋行)	active	176
1265	Papas Bierstube 德国乡村餐厅	Papas Bierstube	闵行区	闵行区虹梅路3338弄老外街22-24号(延安西路)	active	154
1266	1886 German Restaurant & Bar(Bund 16)	1886 German Restaurant	黄浦区	黄浦区中山东二路531号近龙潭路	active	220
1267	TAVOLA 意大利餐厅(陆家嘴滨江)	TAVOLA	浦东新区	浦东新区滨江大道2500号近浦东南路(星展银行后)	active	400
1268	Giovanni's 意大利餐厅(虹桥喜来登)	Giovanni's	长宁区	长宁区遵义南路5号虹桥喜来登上海太平洋大饭店27楼	active	300
1269	el Efante	el Efante	黄浦区	黄浦区太仓路近马当路新天地	active	280
1270	Liquid Laundry	Liquid Laundry	黄浦区	黄浦区淮海中路近茂名南路(淮海路)	active	180
1271	Smokin' Hog 美式烟熏BBQ	Smokin' Hog	静安区	静安区近南京西路(静安BBQ集群)	active	200
1272	Hard Rock Cafe 硬石餐厅(上海)	Hard Rock Cafe	黄浦区	黄浦区淮海中路近普安路(淮海路)	active	250
1273	OHA EATERY	OHA Eatery	徐汇区	徐汇区安福路23号(近乌鲁木齐中路)	active	200
1274	RAC	RAC Bar	徐汇区	徐汇区安福路320号(近乌鲁木齐中路)	active	90
1275	法国舅舅家小酒馆CHEZ JOJO(永嘉路店)	Chez JOJO	徐汇区	徐汇区永嘉路333-337号(近襄阳南路)	active	180
1276	Kartel Wine Bar	Kartel	静安区	静安区襄阳北路1号5-6楼(近巨鹿路)	active	220
1277	HEALER Bar	HEALER	徐汇区	徐汇区天平路30号(近衡山路)	active	114
1278	SunFlour阳光粮品(安福路店)	SunFlour	徐汇区	徐汇区安福路308号103-104室	active	90
1279	老麦咖啡馆TheCottageBar(武康大楼店)	The Cottage Bar	徐汇区	徐汇区武康路439号武康大楼底楼	active	66
1281	MEL BOURNE Brunch&Bistro猫尔本(静安店)	Melbourne	静安区	静安区富民路(近巨鹿路)	active	150
1282	马里昂巴Marienbad(武康路店)	Marienbad Cafe	徐汇区	徐汇区武康路55号(近安福路)	active	50
1283	LENOTRE雷诺特法式西点(前滩太古里店)	Lenotre	浦东新区	浦东新区东育路500弄前滩太古里S2-L2-12号	active	70
1284	Le Gateau戛朵法式蛋糕(世博源店)	Le Gateau	浦东新区	浦东新区世博大道1368号世博源1区1M层1M06	active	60
1285	PAUL LAFAYET法式甜品(港汇广场店)	Paul Lafayet	徐汇区	徐汇区虹桥路1号港汇广场北座2楼252A号	active	65
1286	Justgrapes萄醉(安福路店)	Justgrapes	徐汇区	徐汇区安福路162号	active	180
1287	SHIMMER(巨鹿路店)	Shimmer	静安区	静安区巨鹿路661-2号	active	150
1288	JZ CLUB	JZ Club	黄浦区	黄浦区巨鹿路158号(近淮海中路)	active	180
1289	Sip bistro&bar	Sip Bistro & Bar	静安区	静安区武定路993号(近康定路)	active	160
1290	沪西老弄堂面馆(定西路店)	Huxi Old Lane Noodle	长宁区	长宁区定西路685号101室(新华商务大楼北侧)	active	40
1291	马新文拉面店(广西北路店)	Ma Xinwen Lamian	黄浦区	黄浦区广西北路(近福州路)	active	35
1292	大拇指面馆(高平路店)	Thumb Noodle	静安区	静安区彭浦镇高平路793号	active	30
1293	La Burg勒博格南非餐吧	La Burg	普陀区	普陀区澳门路168号月星家居茂5楼(近莫干山路)	active	180
1294	ATELIER NO.3	ATELIER NO.3	静安区	静安区富民路291号A109室(近长乐路)	active	230
1295	Yugo fusion izakaya	Yugo by Machi	长宁区	长宁区武夷路168号翡悦里2号楼108单元(近江苏路)	active	224
1296	Verdant浮叶	Verdant	徐汇区	徐汇区吴兴路272号(The Weave对面)	active	200
1297	Kora by Circle	Kora by Circle	长宁区	长宁区新华路200号近番禺路	active	130
1298	Trattoria del Bistecca·1565	Trattoria del Bistecca 1565	浦东新区	浦东新区世纪大道8号国金中心LG1层-40(Apple Store旁)	active	162
1299	司芳糯米(久光店)	Sifang Glutinous Rice	静安区	静安区南京西路1618号久光百货B1层	active	33
1300	Albaluz	Albaluz	徐汇区	徐汇区天平路320弄20号衡山坊1-2楼(近衡山路)	active	298
1301	Kyochon1991校村炸鸡(漕宝路店)	Kyochon Chicken	闵行区	闵行区漕宝路1528号星宝购物中心步行街1层101室	active	60
1302	KOSMOS斯拉夫酒馆	KOSMOS	静安区	静安区陕西北路819号(近南京西路)	active	120
1303	是隆路船面(东湖路店)	Silom Boat Noodle	徐汇区	徐汇区东湖路9号上海地产大厦车库入口旁	active	45
1304	WING REPUBLIC来翅够	WING REPUBLIC	静安区	静安区新闸路1313号(近江宁路)	active	70
1305	VN Banh Mi&Cafe越法时光(1788广场店)	VN Banh Mi & Cafe	静安区	静安区南京西路1788号1788广场1楼108B单元	active	50
1306	THE PAWON·8碗(古北SOHO店)	The Pawon	长宁区	长宁区红宝石路188号古北SOHO B1层	active	120
1307	YA BENJIA by元爱本家(金虹桥店)	YA BENJIA	长宁区	长宁区茅台路179号金虹桥国际广场L3层316铺	active	158
1308	Nick&Nicky's Family妮琪泰式家庭料理(静安大悦城店)	Nick & Nicky's Family Thai	静安区	静安区西藏北路198号静安大悦城南座7楼	active	110
1309	印度小厨(巨鹿路店)	Indian Kitchen Julu	静安区	静安区巨鹿路	active	80
1310	莎德曼·秘烤美食殿(大拇指广场店)	Sha Deman Central Asian Grill	浦东新区	浦东新区芳甸路199弄22号证大大拇指广场	active	120
1311	辻利TSUJIRI(日月光店)	TSUJIRI	黄浦区	黄浦区徐家汇路618号日月光中心广场1楼CG02	active	40
1312	Kaki Mania日式刨冰	Kaki Mania	黄浦区	黄浦区长乐路462号集社东楼201	active	74
1313	九十葉·抹茶专门店(新天地店)	Kuju Matcha	黄浦区	黄浦区淮海中路333号新天地广场B1层04&06	active	32
1314	鲨鱼冰屋Kooriya Shark(常熟路店)	Kooriya Shark	徐汇区	徐汇区常熟路185号	active	71
1315	Sobre日式刨冰	Sobre	长宁区	长宁区利西路152号3F-302	active	57
1316	空蝉怀石料理(益丰·外滩源店)	Utsusemi	黄浦区	黄浦区北京东路99号益丰·外滩源3楼306D	active	1500
1317	小钵 Kobachi on Fifty Six(金茂56楼)	Kobachi on Fifty Six	浦东新区	浦东新区世纪大道88号金茂大厦56楼(上海金茂君悦大酒店)	active	800
1318	麺屋庄野研究所	Menya Shono Lab	闵行区	闵行区苏虹路318弄16号虹桥丽宝广场T3栋1层	active	70
1319	七豚拉面(瑞金一路店)	Qitun Ramen	黄浦区	黄浦区瑞金一路146号	active	60
1320	麺処益二郎	Mendokoro Masujirou	长宁区	长宁区遵义路100号金虹桥商场LG2063	active	65
1321	鲤久面屋·横滨家系拉面(金桥啦啦宝都店)	Riku Menya	浦东新区	浦东新区金桥啦啦宝都5楼509A	active	70
1322	鸟山鸣·薪火烧鸟	Toriyama Mei	静安区	静安区余姚路55号2幢101室	active	980
1323	银蔵Ginzō·Yakitori烧鸟(新华路店)	Ginzo Yakitori	长宁区	长宁区新华路365弄3号108	active	250
1324	玄白·炭烤活鳗(高岛屋首店)	Genpaku	长宁区	长宁区虹桥路1438号高岛屋7楼	active	180
1325	鳗葉(世博天地店)	Manba	浦东新区	浦东新区世博大道1467号世博天地2楼	active	150
1326	KAI FINE开饭·汉堡排(静安寺店)	KAI FINE	静安区	静安区静安寺街道协和城2期一楼	active	70
1327	Rumor传闻·洋食(新乐路店)	Rumor Youshoku	徐汇区	徐汇区新乐路208号	active	120
1328	韦二姐传统螺蛳粉		徐汇区	徐汇区天等路430弄之1-43号书香苑	active	26
1329	阳奶佬螺蛳粉(丽园路店)		黄浦区	黄浦区丽园路501号	active	40
1330	家味螺蛳粉&烤鱼(安远路店)		静安区	静安区安远路621-623号	active	35
1331	山间堂民间瓦缸煨汤馆(淮海店)		徐汇区	徐汇区淮海中路1008号3楼	active	95
1332	赣江秋瓦罐煨汤		浦东新区	浦东新区栖山路1855号	active	25
1333	老门框爆肚涮肉(古美路店)		闵行区	闵行区古美路961号	active	106
1334	严记老北京涮锅(乌鲁木齐路店)		徐汇区	徐汇区乌鲁木齐中路346号1楼	active	151
1335	羊伙计烤全羊(宝山首店)		宝山区	宝山区泰和西路2723号	active	173
1336	青藏餐厅(爱琴海购物公园店)		闵行区	闵行区吴中路1588号爱琴海购物公园B1层	active	110
1337	润园椰礼海南椰子鸡火锅(曹杨路店)		普陀区	普陀区曹杨路450号绿地和创大厦B1美食广场	active	94
1338	辞琼·老海南糟粕醋火锅(月亮湾店)		虹口区	虹口区瑞虹路188号月亮湾L3层317b	active	100
1339	柒月粉(江苏路店)		长宁区	长宁区江苏路458号舜元弘基天地2楼208-209	active	35
1340	谷堆复古烩面		静安区	静安区胶州路273弄6号	active	53
1341	一碗兰纯汤牛肉面1号店		闵行区	闵行区吴中路669号	active	25
1342	伊祥·敦煌楼(中山北路店)		普陀区	上海市普陀区中山北路2150号-8（镇坪路地铁站3号口步行120米）	active	65
1344	洪峣爷北京炙子烤肉		静安区	静安区愚园东路58号2层	active	120
1345	靓靓蒸虾(魔都旗舰店)		长宁区	长宁区定西路737号明旺大厦一层	active	130
1346	莲餐厅·湖北菜(愚园路店)		静安区	静安区愚园路1082号	active	130
1347	nabi	NABI	长宁区	武夷路168号WYSH翡悦里1号楼2层201室	active	1200
1349	Yaya's Pasta Bar	Yaya's	静安区	铜仁路329号1层E区	active	180
1350	Nono's	Nono's	徐汇区	徐汇区永福路47号2楼	active	210
1351	Jellooo	Jellooo	黄浦区	太仓路181弄新天地北里19号02a及02c单元	active	350
1353	AL'S DINER	AL'S DINER	徐汇区	徐汇区新乐路204号	active	100
1354	MONA	MONA at Fotografiska	静安区	静安区光复路127号Fotografiska上海影像艺术中心内	active	250
1355	Dugout Brunch & Bistro	Dugout	黄浦区	福州路19-2号（近外滩）	active	90
1356	WARO ROWA	WARO ROWA	静安区	静安区陕西北路457号四幢102室（何东旧居街区）	active	80
1357	Madison	Madison	徐汇区	徐汇区汾阳路3号2号楼1楼	active	200
1358	Table a Deli	Table a Deli	静安区	静安区武定路718弄1号吉宝中心4号楼1层4单元（PAC）	active	150
1359	Vinism Wine Bar	Vinism	长宁区	长宁区东诸安浜路57号（近江苏路）	active	250
1360	SOiF	SOiF	静安区	静安区武定路550号105室	active	150
1361	Mavis966	Mavis Wine Co.	静安区	静安区武定路966-968号（近胶州路）	active	200
1362	Nora's Wine Shop & Bar	Nora's	徐汇区	永福路47-8号	active	220
1363	DTE down to earth	DTE	静安区	静安区胶州路319弄30号10幢103-3室	active	200
1364	Le Saleya Bar à Vin	Le Saleya	静安区	静安区长乐路570弄1号（近襄阳北路）	active	180
1365	龍满·云贵川bistro小酒馆	Longman Bistro	闵行区	闵行区红松东路100号（古北）	active	150
1366	米仓POP	Micang POP	徐汇区	徐汇区乌鲁木齐南路288号（近肇嘉浜路）	active	70
1367	Forage Eatery & Wine Bar	Forage	黄浦区	黄浦区茂名南路141号（近南昌路）	active	246
1368	La Tavernetta Bar à Vin	La Tavernetta	徐汇区	徐汇区乌鲁木齐中路247-2号（近五原路）	active	222
1369	Pecher Wine Bar	Pecher	黄浦区	黄浦区成都南路127号1楼沿街（近淮海中路）	active	187
1370	新荣记(BFC外滩金融中心店)	Xin Rong Ji (BFC)	黄浦区	上海市黄浦区中山东二路600号BFC外滩金融中心北区N3栋3楼	active	873
1371	1/10 Coffee Roaster(长乐路店)	1/10 Coffee Roaster	黄浦区	黄浦区长乐路73-75号	active	45
1372	有容乃大 Bigger Than Bigger(北京西路店)	Bigger Than Bigger	静安区	静安区北京西路1622号	active	50
1373	Radar雷达咖啡(思南路店)	Radar Coffee	黄浦区	黄浦区思南路27号	active	35
1374	煮屿 Brew Island(溧阳路店)	Brew Island	虹口区	虹口区溧阳路739号	active	90
1375	aftertaste回味(江勇路店)	aftertaste	浦东新区	浦东新区江勇路86号W3-102	active	80
1376	新荣记(前滩太古里店)	Xin Rong Ji (Qiantan Taikoo Li)	浦东新区	浦东新区东育路500弄前滩太古里木区6楼	active	800
1377	新荣记(虹桥店)	Xin Rong Ji (Hongqiao)	闵行区	闵行区红松东路1116号虹桥祥源希尔顿酒店2号楼1楼	active	750
1378	制冰铺MakingGelato·时桉(陕西南路店)	Shi'an Making Gelato	黄浦区	黄浦区陕西南路39弄58-3号(沿街商铺)	active	35
1379	La Creperie(桃江路店)	La Creperie	徐汇区	徐汇区桃江路1号(近汾阳路)	active	120
1380	新荣记(滨江店)	Xin Rong Ji (Binjiang)	浦东新区	浦东新区浦明路868弄保利one56禧玥酒店25楼	active	800
1381	泰安门 Taian Table	Taian Table	长宁区	长宁区镇宁路465弄161号愚园里1号楼101室	active	2700
1382	宝丽轩	Bao Li Xuan	静安区	静安区山西北路108弄宝格丽酒店3层(上海总商会大楼)	active	839
1383	福和慧	Fu He Hui	长宁区	长宁区愚园路1037号(近江苏路)	active	1191
1384	三号黄浦会 Canton Table	Canton Table	黄浦区	黄浦区中山东一路3号外滩三号5楼(近广东路)	active	600
1385	成隆行蟹王府(九江路店)	Cheng Long Hang	黄浦区	黄浦区九江路216号(近河南中路)	active	400
1386	Fabula	Fabula	静安区	静安区威海路720号2-3楼(近石门二路)	active	1280
1387	福1039	Fu 1039	长宁区	长宁区愚园路1039号(近江苏路)	active	400
1388	福1088	Fu 1088	长宁区	长宁区镇宁路375号(近愚园路)	active	581
1389	il Ristorante - Niko Romito	Il Ristorante - Niko Romito	静安区	静安区河南北路33号宝格丽酒店47楼	active	1368
1390	金轩(浦东丽思卡尔顿店)	Jin Xuan	浦东新区	浦东新区世纪大道8号国金中心丽思卡尔顿酒店53楼	active	708
1391	凌珑 Ling Long	Ling Long	黄浦区	黄浦区中山东一路2号外滩华尔道夫酒店1楼105室	active	2368
1392	Obscura by 唐香	Obscura	静安区	静安区西康路538-2号(唐香文化空间内)	active	2100
1393	O.P.S. CAFE(太原路店)	OPS Cafe	徐汇区	徐汇区太原路177弄1号临(近建国西路)	active	52
1394	Café del Volcán火山咖啡(永康路店)	Cafe del Volcan	徐汇区	徐汇区永康路25号(近襄阳路)	active	44
1395	堀口咖啡HORIGUCHI COFFEE(洛克·外滩源店)	Horiguchi Coffee	黄浦区	黄浦区圆明园路133号女青年会大楼1层	active	102
1396	Captain George风味博物馆(太原路店)	Captain George Flavor Museum	徐汇区	徐汇区太原路236号	active	75
1397	Blacksheep Espresso(茂名南路店)	Blacksheep Espresso	黄浦区	黄浦区茂名南路124号	active	45
1398	赤瑕咖啡Akadama Coffee(武定西路店)	Akadama Coffee	长宁区	长宁区武定西路1194号(近武定路地铁站2号口)	active	55
1399	翠贝果(乌鲁木齐南路店)	Cui Bagel	徐汇区	徐汇区乌鲁木齐南路205号1F-01室	active	35
1400	Big Bagel(永康路店)	Big Bagel	徐汇区	徐汇区永康路27号	active	35
1401	Sumerian(陕西北路店)	Sumerian	静安区	静安区陕西北路415号	active	40
1402	FASCINO BAKERY(新天地店)	FASCINO	黄浦区	黄浦区太仓路181弄1号楼新天地北里03单元	active	45
1403	Madre(番禺路店)	Madre	长宁区	长宁区番禺路504号2幢(交通大学地铁站5号口步行440米)	active	60
1404	BAsdBAN巴适得板(愚园路店)	BAsdBAN	静安区	上海市静安区愚园路546号	active	50
1406	麻布屋Azabuya(兴业太古汇店)	Azabuya	静安区	静安区南京西路789号兴业太古汇LG2	active	40
1407	BONUS Gelato(乌鲁木齐中路店)	Bonus	徐汇区	徐汇区乌鲁木齐中路243号-3(牛油果阿姨对面)	active	35
1408	BLAZ	Blaz	徐汇区	徐汇区东湖路20号1层1B(近陕西南路)	active	427
1409	BASTARD小酒馆	Bastard	静安区	静安区胶州路319弄30号102室(近新闸路)	active	285
1410	茹·pure vegan(博华广场店)	Ru Pure Vegan	静安区	静安区山海关路388号博华广场2幢零售区L4-03	active	133
1411	庆春朴门(新天地东台里店)	Qingchun Pumen	黄浦区	黄浦区吉安路111号新天地东台里商业中心B栋3层L332	active	109
1412	KIINA	Kiina	黄浦区	黄浦区中山南一路568号301室(近世博会博物馆)	active	1380
1429	蜀谭记·盐帮川菜(四川北路店)		虹口区	上海市虹口区四川北路星荟广场101-1-101-2（近武进路）	active	100
1430	冯三孃川菜馆(嘉善路店)		徐汇区	上海市徐汇区嘉善路518号	active	72
1431	归蜀第成都串串料理(梅花路店)		浦东新区	上海市浦东新区梅花路999弄16号1-2层（近银霄路）	active	80
1432	华华川菜馆(吴江路)		静安区	上海市静安区吴江路81号(石门一路与青海路间)	active	75
1434	鸟鸟炒菜店(南昌路)	niaoniao	黄浦区	上海市黄浦区南昌路165号(陕西南路地铁站4号口步行约230米)	active	190
1435	玉芝兰(巨鹿路·已停业)	Yu Zhi Lan	静安区	上海市静安区巨鹿路851号(历史店址，已停业)	closed	1888
1436	鸿姐老火锅·传统炒料(上海旗舰店)		长宁区	上海市长宁区延安西路1394号5栋102室(定西路与延安西路交叉口)	active	120
1437	金姐老火锅(陆家嘴店)		浦东新区	上海市浦东新区浦东大道1108号(近源深路地铁站,陆家嘴商圈)	active	120
1438	宴山城火锅(外滩江景店)		黄浦区	上海市黄浦区广东路20号外滩5号6楼江景(看东方明珠)	active	728
1439	红料理·串串有瘾(万航渡路店)	RedCate	长宁区	上海市长宁区万航渡路550号(近武定西路,武定路地铁站2号口)	active	86
1440	孔岳冒菜(五角场店)		杨浦区	上海市杨浦区五角场太平洋森活广场B1层A-29/30号(近9号口)	active	57
1441	成都你六姐·牛肉冒菜(七巧国店)		杨浦区	上海市杨浦区隆昌路586号七巧国儿童中心F1(复旦软件园1号楼1-5层一楼C1)	active	40
1442	龙玥川菜·豆花饭(丽园路总店)		黄浦区	上海市黄浦区丽园路50号(近陆家浜路)	active	90
1443	烤匠麻辣烤鱼(上海首店·五角场合生汇店)		杨浦区	上海市杨浦区翔殷路1099号合生汇2楼L2-01(近五角场站5号口)	active	139
1444	溪雨观酸菜鱼(七宝宝龙城店)		闵行区	上海市闵行区新龙路395号宝龙广场T4栋1楼(漕宝路3299号宝龙城4T-395-397商铺)	active	90
1445	百岁我家酸菜鱼(古美店)		闵行区	上海市闵行区古美路1058号(平南路口,12号线虹梅路站步行约5分钟)	active	85
1446	釜溪盐韵·私宴(上海首店)		闵行区	上海市闵行区万源路2708号蜀谭记集团总部大楼1F	active	400
1447	南兴园 NAN·XING·YUAN	Nan Xing Yuan	徐汇区	上海市徐汇区淮海中路1728号12栋	active	1000
1448	孔雀厅 The Peacock Room	The Peacock Room	静安区	上海市静安区石门一路288号兴业太古汇南楼S301(近威海路)	active	450
1449	洁而精川菜馆(雁荡路店)	Jie Er Jing Sichuan Restaurant	黄浦区	上海市黄浦区雁荡路82号(近南昌路,近复兴公园)	active	91
1450	千平平重庆面庄(延平路总店)		静安区	上海市静安区延平路163号(近昌平路地铁站)	active	43
1451	桂釜山城重庆小面(南京西路店)		静安区	上海市静安区南汇路74号(近南京西路,南京西路地铁站1号口步行330米)	active	35
1452	炊小川内江牛肉面		静安区	上海市静安区西藏北路辅路与国庆路交叉口北80米(北京路/苏河湾商圈)	active	28
1453	川味面荘·泸州牛肉面(南翔老街店)		嘉定区	上海市嘉定区南翔镇南华路286号(南翔老街南华路美食街)	active	25
1454	寛的窄的面馆(打浦路店)		黄浦区	上海市黄浦区打浦路200号(淑芬串串一楼,近打浦桥)	active	28
1455	九品川味·四川绵阳米粉		闵行区	上海市闵行区景谷路141号(漕宝路另有店)	active	18
1456	鲁采LU STYLE(苏河湾慎余里店)	Lu Cai LU STYLE	静安区	上海市静安区苏河湾万象天地西里慎余里石库门建筑群	active	800
1457	东莱·海上	Donglai Haishang	黄浦区	上海市黄浦区福建中路94号(近广东路)	active	140
1458	鲁至申(静安大融城店)	Lu Zhi Shen	静安区	上海市静安区沪太路1111弄静安大融城1号楼3层312室	active	80
1459	船歌鱼水饺(新天地店)	Boat Song Fish Dumplings	黄浦区	上海市黄浦区马当路245号新天地时尚1期B1层	active	175
1460	沈春芳手工饺子(花木时光里店)		浦东新区	上海市浦东新区花木时光里B1层	active	25
1461	上海国际饭店·丰泽楼	Feng Ze Lou	黄浦区	上海市黄浦区黄河路28号国际饭店2楼	active	300
1462	馥添饭店·浓汤广府菜(世纪汇店)		浦东新区	上海市浦东新区世纪大道1192号世纪汇广场3楼	active	120
1463	粤来记·烧味·生蚝鸡煲(打浦路店)		黄浦区	上海市黄浦区打浦路399号沿街店铺1-2层	active	96
1464	三伯公·客家菜(徐汇日月光店)		徐汇区	上海市徐汇区漕宝路33号徐汇日月光中心	active	90
1465	元朗冰室(马当路店)		黄浦区	上海市黄浦区马当路388号复兴SOHO广场D栋1楼D102	active	70
1466	细记港九宵夜大牌档(东湖路总店)		徐汇区	上海市徐汇区东湖路9号上海地产大厦3M层	active	100
1467	鲜斩烧味(宁波路店)		黄浦区	上海市黄浦区宁波路201号	active	62
1468	家全七福酒家(静安嘉里中心店)	Seventh Son	静安区	上海市静安区南京西路1515号静安嘉里中心F2	active	558
1469	唐宫·粤菜海鲜(华润时代店)		浦东新区	上海市浦东新区张杨路500号华润时代广场7楼703-705号	active	200
1470	嘉宴·精致客家菜(虹口店)		虹口区	上海市虹口区祥德路381号上海地产祥德里3幢1楼	active	130
1471	菁禧荟(外滩BFC店)	Amazing Chinese cuisine (Waitan)	黄浦区	上海市黄浦区中山东二路600号BFC外滩金融中心南区四层S401	active	1058
1472	菁禧荟SELECTION BY DU(北外滩来福士店)	Amazing Chinese Cuisine Selection by DU	虹口区	上海市虹口区公平路168号北外滩来福士西塔56层	active	979
1473	头家夜粥(广东路店)	Tou Jia Ye Zhou	黄浦区	上海市黄浦区广东路43号大来大楼1楼	active	350
1474	家府潮汕菜(中山公园龙之梦店)		长宁区	上海市长宁区长宁路1018号中山公园龙之梦6楼蓝中庭	active	92
1475	潮禧·潮汕菜(万航渡路店)		静安区	上海市静安区万航渡路839号海森国际大厦一楼	active	166
1476	潮界(丁香国际店)		浦东新区	上海市浦东新区丁香路858号丁香国际商业广场LG2层	active	100
1477	姚益记潮汕菜(安亭店)		嘉定区	上海市嘉定区安亭镇新源路244号101室	active	80
1478	今日牛事(瑞金店)		黄浦区	上海市黄浦区瑞金南路343-5号	active	110
1479	下山虎潮汕鲜牛肉火锅(巨鹿路店)		静安区	上海市静安区巨鹿路768号富民路巨鹿路交叉口巨富大厦1楼abc室	active	100
1480	八合里海记(世茂广场店)	Ba He Li Hai Ji	黄浦区	上海市黄浦区南京东路829号世茂广场东区L6楼602号	active	90
1481	潮牛嗨潮汕鲜牛肉火锅(龙茗路店)		闵行区	上海市闵行区龙茗路2920号	active	80
1482	潮汕草根鲜牛肉海鲜火锅排档(七宝店)		闵行区	上海市闵行区七宝镇草宝路3366号领展中心广场	active	100
1483	任兴记(定西路店)		长宁区	上海市长宁区定西路792号-1	active	157
1484	留住阁潮汕砂锅粥馆(长宁店)		长宁区	上海市长宁区定西路805号	active	80
1485	潮人姐妹轩(海宁路店)		虹口区	上海市虹口区海宁路269号森林湾大厦B座104室	active	169
1486	汕鹤·潮式甜汤(人广来福士店)	Shanhe Sweet Soup	黄浦区	上海市黄浦区人民大道221号来福士广场B1层	active	35
1488	游宴一品淮扬(万达瑞华店)		黄浦区	上海市黄浦区中山东二路538号上海万达瑞华酒店5楼	active	800
1489	福兴荟(King88广场店)	Fuxinghui	长宁区	上海市长宁区长宁路88号KiNG88广场4楼4-04室	active	208
1490	狮王府淮扬菜(万象城店)		闵行区	上海市闵行区吴中路1599号万象城5层L501C-L501D	active	147
1491	沧浪亭(重庆路店)	Canglangting	黄浦区	上海市黄浦区老重庆中路66号(近淮海中路口)	active	32
1492	苏三姑		普陀区	上海市普陀区宜昌路188号天安千树购物中心4楼	active	220
1493	南京大牌档(世茂商都店)	Nanjing Da Pai Dang	黄浦区	上海市黄浦区南京西路258号世茂商都3楼	active	70
1494	胜春楼·淮扬菜·早茶(宝华商业广场店)		虹口区	上海市虹口区山阴路31号宝华商业广场1楼	active	50
1495	徐州味道(镇坪路店)		普陀区	上海市普陀区镇坪路(近中山北路)	active	65
1496	松鹤楼面馆(豫园店)		黄浦区	上海市黄浦区百翎路5号(近旧校场路豫园5号口)	active	55
1497	绿杨邨酒家(天钥桥路店)		徐汇区	上海市徐汇区天钥桥路133号11室(永新坊内)	active	90
1498	东淓·苏宴(南京东路店)		黄浦区	上海市黄浦区南京东路505号上海丽笙精选海仑宾馆3层	active	175
1499	上扬府·淮扬小品		黄浦区	上海市黄浦区南京东路步行街479号5楼(名创优品全球1号店侧面观光电梯直达5楼)	active	118
1500	盛·淮扬(长风大悦城店)		普陀区	上海市普陀区大渡河路196号长风大悦城F4	active	130
1501	黄浦轩臻品·淮扬(上海大厦店)	Huangpuxuan	虹口区	上海市虹口区北苏州路20号上海大厦2层(近吴淞路)	active	280
1502	荣小馆(安达仕店)	Rong Cuisine	黄浦区	上海市黄浦区太仓路128号安达仕酒店一楼	active	221
1503	荣家黄鱼面(南京西路店)	Rongjia Noodles Soup with Yellow Croaker	静安区	上海市静安区南京西路688号L105A-1室(面朝凤阳路)	active	150
1504	甬府尊鲜(前滩太古里店)		浦东新区	上海市浦东新区东育路500弄前滩太古里石区L3层S-L3-04	active	300
1505	桂满陇·杭州小馆(中山公园店)		长宁区	上海市长宁区长宁路1018号龙之梦城市生活中心8楼	active	80
1506	柒园·竹境(西岸国际会展中心店)		徐汇区	上海市徐汇区龙腾大道2277号西岸国际会展中心5楼	active	236
1507	柒园·竹荟(蟠龙天地店)		青浦区	上海市青浦区蟠鼎路123弄8号蟠龙新天地滨水市街LY103	active	266
1508	越稽·绍兴小馆(万象城店)		闵行区	上海市闵行区吴中路1599号万象城3楼	active	120
1509	福見仁FúDining·福州火灶(K11店)	FúDining	黄浦区	上海市黄浦区淮海中路300号K11购物艺术中心三楼301-B商铺	active	160
1510	甲东南闽菜馆(北蔡休闲广场店)		浦东新区	上海市浦东新区北中路191号4楼（北蔡休闲广场内）	active	65
1511	屿热闽南小馆(水城南路店)	Hokkien Passion	长宁区	上海市长宁区水城南路55号六月汇广场1层106b号商铺（明珠大楼内）	active	55
1512	也红花泉州风味(前湾印象城店)		闵行区	上海市闵行区联友路388号上海虹桥前湾印象城MEGA L3层	active	90
1513	老吴的食光·闽南小灶(虹桥南丰城店)		长宁区	上海市长宁区遵义路100号虹桥南丰城南区B1层	active	90
1514	屿园沙茶面(长寿路店)		普陀区	上海市普陀区长寿路（近胶州路交叉口西南80米）	active	35
1515	莆田餐厅PUTIEN(环贸iapm店)	PUTIEN	徐汇区	上海市徐汇区淮海中路999号环贸iapm商场L5层L5-505	active	160
1516	莆味观·莆田菜(合川路店)		闵行区	上海市闵行区合川路3125号1层112、204、205室	active	100
1517	乾七道文化会馆(曲阳路复城国际店)		虹口区	上海市虹口区曲阳路898号复城国际3楼	active	250
1518	鲜顺欧闽北私房菜(沪太支路店)		静安区	上海市静安区沪太支路295号（行知路地铁站2号口步行390米）	active	120
1519	鱼湘汇·湖南土菜(中山北路店)		普陀区	上海市普陀区中山北路1915号(镇坪路地铁站4号口步行约400米)	active	62
1520	盖饭邦·长沙菜馆(新天地店)		黄浦区	上海市黄浦区兴业路123弄6号楼3楼(新天地时尚1期三楼南里食集)	active	55
1521	望湘园湖南菜(静安大悦城店)		静安区	上海市静安区西藏北路166号静安大悦城南座七楼701-09室	active	103
1522	钵湘湘·常德钵子菜(梅川路店)		普陀区	上海市普陀区梅川路1532号(另有浦东东建路创始店)	active	55
1523	湘翁(北外滩来福士东塔56楼)	Xiang Weng	虹口区	上海市虹口区东大名路1089号北外滩来福士东塔56楼	active	400
1524	璞徽(瑞虹天地太阳宫店)		虹口区	上海市虹口区瑞虹路181号瑞虹天地太阳宫2楼L21+22	active	175
1525	小菜园新徽菜(虹桥天街店)	Xiao Cai Yuan	闵行区	上海市闵行区申长路799号虹桥天街B馆2楼16-19号	active	75
1526	大富贵酒楼(中华路总店)		黄浦区	上海市黄浦区中华路1409号锦南商厦1-3楼	active	85
1527	徽悦食府(佘山新天地店)		松江区	上海市松江区佘山镇桃源路188弄112号新天地广场4号楼2层	active	80
1528	十八梯邓凳面(上海店)		静安区	上海市静安区愚园路318号(静安寺地铁站1号口步行340米)	active	25
1529	龙筵轩(古北店)		长宁区	上海市长宁区延安西路2099号扬子江丽笙精选酒店2楼A区	active	200
1530	顺峰顺水顺德菜(龙华店)		徐汇区	上海市徐汇区瑞平路230号保利时光里A座负一层017-018室	active	130
1531	新旺茶餐厅(打浦店)		黄浦区	上海市黄浦区徐家汇路550号宝鼎大厦101室	active	75
1532	东发道茶冰厅(新业坊店)		宝山区	上海市宝山区逸仙路1328号新业坊·源创园区	active	80
1533	上金雀华人餐厅(乌中店)		徐汇区	上海市徐汇区乌鲁木齐中路247号-10	active	100
1534	点都德(南翔印象城店)		嘉定区	上海市嘉定区陈翔公路2299号南翔印象城5楼L5-22/23	active	100
1535	宝粤楼		奉贤区	上海市奉贤区南桥镇金海公路3800号龙湖上海奉贤天街4层	active	85
1536	香港池仔记肠粉王(襄阳南路店)		徐汇区	上海市徐汇区襄阳南路150号(近南昌路)	active	55
1537	银记肠粉店(华山店)		静安区	上海市静安区乌鲁木齐北路456号105室	active	45
1538	啫苑广州啫啫煲(虹口龙之梦店)		虹口区	上海市虹口区西江湾路388号凯德龙之梦虹口A座5楼33号	active	100
1539	啫火·啫啫煲(虹桥天地店)		闵行区	上海市闵行区申长路688号虹桥天地南区4层L4-20室	active	110
1540	好好彩啫啫煲(黄浦来福士店)		黄浦区	上海市黄浦区西藏中路268号来福士广场5层07号	active	120
1541	瑞狮楼潮汕会馆(新天地店)		黄浦区	上海市黄浦区马当路388号SOHO复兴广场F1层104、105室	active	150
1542	左庭右院鲜牛肉火锅(五角场万达店)		杨浦区	上海市杨浦区淞沪路189号五角场万达广场E栋2楼	active	130
1543	宽马记大排档·鲜牛肉海鲜火锅(普陀店)		普陀区	上海市普陀区曹杨路2033号绿地缤纷城1楼129-132号	active	100
1544	神更仔·潮汕魂大排档(汉口路店)		黄浦区	上海市黄浦区汉口路618号中福大厦1楼	active	120
1545	潮府夜档(嘉定马陆店)		嘉定区	上海市嘉定区马陆镇阿克苏南路925弄1号百金汉青年汇	active	100
1546	潮顺潮汕牛肉粿条(上海总店)		普陀区	上海市普陀区常德路1246号（长寿路地铁站2号口右转）	active	35
1547	夜阑静·潮汕海鲜粥城(秀沿路总店)		浦东新区	上海市浦东新区秀沿路838-5号(康桥文化中心旁)	active	90
1548	汕心·潮汕甜汤(人广来福士店)		黄浦区	上海市黄浦区西藏中路268号上海来福士广场B1-13A	active	30
1549	甬江里宁波小鲜		浦东新区	上海市浦东新区樱花路291号2楼(花木幸福里，近世纪公园)	active	100
1550	源清制面(新天地店)		黄浦区	上海市黄浦区湖滨路222号企业天地(无限极荟购物中心)B2层	active	60
1551	瓯宴·陆悦新温州菜(张江店)		浦东新区	上海市浦东新区中科路1817号陆悦天地水星3楼	active	150
1552	衢叔家·衢州山里菜(延安西路店)		长宁区	上海市长宁区延安西路1394号2楼(定西路口)	active	97
1553	土灶头·金华菜(桃浦店)		普陀区	上海市普陀区桃浦镇祁连山南路398号(近地铁11号线祁连山路站4号口)	active	80
1554	古意湘庭(久光店)		静安区	上海市静安区南京西路1618号久光百货8楼S804商铺	active	150
1555	吃饭皇帝大(上海湘西土家菜)		浦东新区	上海市浦东新区陆家嘴西路168号正大广场6楼(旗舰门店;另长宁路1018号龙之梦8F红中庭、杨浦区黄兴路合生汇5楼两店)	active	95
1556	世博轩(世博园店)		浦东新区	上海市浦东新区世博大道1500号世博中心3号门入5层	active	300
1557	柒熙里(愚园路店)		静安区	上海市静安区愚园路88号静安寺108美食广场一层(观光电梯旁)	active	100
1558	东北风(松江万达店)		松江区	松江万达广场3楼	active	90
1559	李大喜·吉林原味烧烤		虹口区	东江湾路151号绿地创客一楼沿街	active	60
1560	辣些年东北烧烤(五角场店)		杨浦区	关山路91号	active	102
1561	大董(国金中心IFC店)		浦东新区	世纪大道8号国金中心LG1-83	active	429
1562	大董(环贸iapm店)		徐汇区	淮海中路999号环贸iapm商场L4	active	500
1563	便宜坊(世纪大道华贸广场店)		浦东新区	世纪大道55号华贸广场5楼	active	105
1564	东来顺(外滩南京东路店)		黄浦区	南京东路66号5楼	active	129
1565	京悦南门涮肉(人民广场店)		黄浦区	淮海中路1号美食不夜城3楼301室	active	130
1566	小吊梨汤·北京菜·烤鸭(龙华会店)		徐汇区	龙华路2778号龙华会商场北区B1层N15号	active	100
1567	街角和晚风台式小厨		静安区	上海市静安区静安寺静安CP商场B2层	active	85
1568	芳邻食堂		长宁区	上海市长宁区古北小区二楼(伊犁南路/黄金城道附近小巷)	active	95
1569	老张牛肉面(江宁路店)		静安区	上海市静安区江宁路99号(近北京西路)	active	45
1570	台麻里台湾小馆		闵行区	上海市闵行区龙柏新村(地铁10号线龙柏新村站步行2分钟)	active	45
1571	度小月(美罗城店)		徐汇区	上海市徐汇区肇嘉浜路1111号美罗城A区5层	active	80
1572	鼎泰丰(新天地店)		黄浦区	上海市黄浦区新天地(太仓路181弄新天地北里)	active	145
1573	米屿邦·台式小馆		静安区	上海市静安区北京西路1829号玖博广场2楼215室	active	75
1574	FIFTYLAN(CP静安店)		静安区	上海市静安区CP静安(商场内)	active	18
1575	鲜芋仙(日月光店)		黄浦区	上海市黄浦区日月光中心(徐家汇路618号)	active	30
1576	桂芭蕉GUI BISTRO(静安嘉里中心店)		静安区	南京西路1515号静安嘉里中心南区1楼S1-05号	active	150
1577	漓江码头桂林农家菜(金汇·华光城店)		闵行区	红松路100号金汇华光城	active	90
1578	柳州肥姨妈大骨螺蛳粉(紫藤路店)		闵行区	紫藤路7号(紫藤路地铁站1号口步行)	active	30
1579	塔哈尔·新疆盛宴(中山龙之梦店)		长宁区	上海市长宁区长宁路1018号龙之梦城市生活中心7层7103A-7109	active	95
1580	胖胖君的新疆抓饭(黄浦店)		黄浦区	上海市黄浦区外滩街道江西中路460弄8号（同济黄浦设计创意中学南侧弄堂进）	active	45
1581	大壶春(四川中路店)	Da Hu Chun	黄浦区	上海市黄浦区四川中路136号	active	28
1582	萝春阁·生煎大王(浙江中路店)		黄浦区	上海市黄浦区浙江中路425-427号	active	27
1583	晓燕生煎(定西路店)		长宁区	上海市长宁区定西路1226号	active	21
1584	南翔馒头店(豫园店)	Nanxiang Steamed Bun	黄浦区	上海市黄浦区豫园路85号	active	80
1585	万寿斋(山阴路店)	Wanshouzhai	虹口区	上海市虹口区山阴路123号(近吉祥路)	active	25
1586	莱莱小笼(天津路店)	Lai Lai Xiao Long	黄浦区	上海市黄浦区天津路506号(近食品一店后门)	active	55
1587	佳家汤包(黄河路店)	Jia Jia Tang Bao	黄浦区	上海市黄浦区黄河路127号	active	40
1588	四如春食府(石泉路店)	Si Ru Chun	普陀区	上海市普陀区石泉路72号	active	29
1589	鲜得来排骨年糕(云南南路总店)	Xiandelai	黄浦区	上海市黄浦区云南南路36-46号(近宁海东路)	active	25
1590	小绍兴(云南南路店)	Little Shaoxing	黄浦区	上海市黄浦区云南南路75号	active	55
1591	振鼎鸡(福州路店)	Zhen Ding Ji	黄浦区	上海市黄浦区福州路440号(近福建中路)	active	40
1592	老正兴(福州路店)	Lao Zheng Xing	黄浦区	上海市黄浦区福州路556号(近浙江中路)	active	153
1593	鹿园MOOSE(新华路店)	MOOSE Restaurant & Bar	长宁区	上海市长宁区新华路119弄1号(近番禺路)	active	418
1594	人和馆(肇嘉浜路店)	Ren He Guan	徐汇区	上海市徐汇区肇嘉浜路407号(近小木桥路)	active	200
1595	海金滋(进贤路店)	Hai Jin Zi	黄浦区	上海市黄浦区进贤路240号(近陕西南路)	active	61
1596	瓦屋老宅江西土菜(世博源店)		浦东新区	上海市浦东新区世博源2楼(世博园)	active	90
1597	小匠喜江西菜(黄浦世贸广场店)		黄浦区	上海市黄浦区南京东路829号世茂广场(商场内)	active	85
1598	周真真南昌拌粉·瓦罐汤(大宁店)		静安区	上海市静安区灵石路562号1层	active	30
1599	雪三娘江西炒粉拌粉(九亭中心店)		松江区	上海市松江区九亭中心(商场内)	active	30
1600	胡恰·景德江西菜(新天地店)		黄浦区	上海市黄浦区淮海中路333号新天地广场6楼01-02号	active	110
1601	荣豫·河南菜(ONE Shanghai店)		静安区	石门一路299号OneShanghai商场L302	active	120
1602	王凯阳河南水煎包		浦东新区	康桥新苑小区西门	active	8
1603	南星汇新加坡海南鸡饭(静安店)		静安区	江宁路378号-1一层	active	44
1604	嗲嗲的椰子鸡(五角场百联又一城店)		杨浦区	五角场百联又一城8楼	active	140
1605	椰子不语椰子鸡火锅(凯德晶萃店)		黄浦区	徐家汇路268号凯德晶萃广场5楼	active	110
1606	来菜·湖北藕汤(月星环球港店)		普陀区	上海市普陀区月星环球港4楼	active	110
1607	靓靓蒸虾(定西路上海首店)		长宁区	上海市长宁区定西路737号明旺大楼1楼(近愚园路)	active	160
1608	一棠龙虾·王牌虾球(苏河湾万象天地店)		静安区	上海市静安区苏河湾万象天地(商场内)	active	150
1609	蔡林记·湖北小馆(真如环宇城MAX店)		普陀区	上海市普陀区铜川路715号真如环宇城MAX购物中心B2层B2004单元	active	38
1610	糖豆(新嘉中心店)		浦东新区	上海市浦东新区新嘉中心(商场内)	active	90
1611	楚缘·经典鄂菜(宝山闿和阳光广场店)		宝山区	上海市宝山区闿和阳光广场(商场内)	active	85
1612	长安宴(陕西大厦·陕西驻沪办店)		静安区	上海市静安区延安中路658号陕西大厦4楼	active	78
1613	宁夏印象·盐池滩羊肉体验店(江宁路店)		普陀区	上海市普陀区江宁路1580号	active	130
1614	大师宣羊·鲜肉烧烤·小酒馆(上海影城店)		徐汇区	上海市徐汇区法华镇路218号（番禺路交叉口）	active	110
1615	泓0871臻选云南菜·寻鲜宴(上海北外滩店)		虹口区	东大名路北外滩来福士广场	active	180
1616	云海肴(上海闸北大悦城店)		静安区	共和新路1878号大宁国际商业广场	active	120
1617	滇百年云南小锅米线(静安大悦城店)		静安区	西藏北路166号静安大悦城	active	35
1618	良米山·云南野生菌过桥米线(中山公园龙之梦店)		长宁区	长宁路1018号中山公园龙之梦购物中心7楼7078号	active	45
1619	芸山季云南野生菌火锅(上海来福士广场店)		黄浦区	西藏中路268号上海来福士广场06层01A室	active	133
1620	九色云野生菌火锅(长泰广场店)		浦东新区	金科路2889弄长泰广场西区7座B1层(那时新疆旁)	active	140
1621	黔香阁·味(花木店)		浦东新区	锦康路252号陆家嘴世纪金融广场7号楼5层(美食汇)	active	176
1622	秦香岚·贵州菜·凯里酸汤鱼(博荟广场店)		黄浦区	中山南一路788号博荟广场B1层-10-A(世博会博物馆对面)	active	90
1623	青藏餐厅·牦牛·藏羊(爱琴海店)		闵行区	虹井路120弄4号爱琴海购物公园B1层藏文化街区	active	100
1624	扎西达娲(徐汇绿地缤纷城店)		徐汇区	徐汇绿地缤纷城	active	100
1625	京云华(张江汇智店)		浦东新区	金科路3057号汇智国际中心4楼	active	150
1626	老门框爆肚涮肉(杨浦中原店)		杨浦区	闸殷路205号-7室	active	106
1627	京城南门涮肉(杨浦大连路店)		杨浦区	大连路近四平路（骏丰国际商业广场对面，四平路地铁站2号口步行200米）	active	100
1628	京悦南门涮肉(仙霞路店)		长宁区	仙霞路632号	active	120
1629	南门天下·蒙羊世家烀羊专家(公兴路店)		静安区	公兴路6号1层	active	130
1630	多来转爆肚店(七宝老街店)		闵行区	七宝老街宝南路536号御前街	active	20
1631	丰碗居(长宁来福士店)		长宁区	长宁路1123号长宁来福士B1层K08号	active	38
1632	老北京炸酱面(包头南路店)		杨浦区	包头南路998号	active	25
1633	宫宴Gongyan(北京西路店)		静安区	北京西路1485号1幢一二层	active	553
1634	礼部·新京菜(CP静安店)		静安区	愚园路8号CP静安4层L408	active	200
1635	和季新京菜(数通链谷店)		静安区	康宁路318号3号楼3楼(市北高新数通链谷)	active	180
1636	东来顺(虹桥天地店)		闵行区	申长路688号虹桥天地4楼	active	144
1637	京悦南门涮肉(虹桥丽宝广场店)		闵行区	苏虹路366号丽宝广场4号楼1楼	active	130
1638	云庄里云南铜锅米线(浦江镇欢乐颂店)		闵行区	陈行公路2688号上海浦江欢乐颂F2层	active	30
1639	胡麻过桥米线		浦东新区	东育路500弄前滩太古里木区L2层W-L2-10	active	58
1640	滇味园云南过桥米线(南京东路店)		黄浦区	南京东路388号2楼	active	35
1641	上黔庄·一品贵州菜(吴中路店)		闵行区	吴中路933号(环镇西路口)	active	100
1642	潘小烧·云南烧烤(外滩总店)		黄浦区	黄浦区九江路168号礼和大楼沿街1楼2号铺(近江西中路)	active	150
1643	耶里夏丽·新疆菜(南京东路世茂店)		黄浦区	黄浦区南京东路819号世茂广场L5-502	active	110
1644	那时新疆·乌孙(虹桥南丰城店)		长宁区	长宁区遵义路100号虹桥南丰城北区五层L506	active	95
1645	卡德尔大叔新疆主题餐厅(东方路店)		浦东新区	浦东新区东方路1367号富都广场2楼L2-1(蓝村路地铁站1号口)	active	120
1646	羊伙计烤全羊(宝山店)		宝山区	泰和西路2723号	active	100
1647	爱上草原内蒙餐厅(老沪闵路店)		徐汇区	老沪闵路700号内蒙古商会	active	130
1648	小小羔·内蒙涮肉&烧烤(徐家汇店)		徐汇区	天钥桥路218号3楼	active	90
1649	东北人家(弘基广场店)		宝山区	聚丰园路55号弘基广场2楼	active	60
1650	张黄锦记螺蛳粉桂林米粉(阳光天地店)		浦东新区	高行镇启帆路430号2楼237室阳光天地	active	27
1651	方中山胡辣汤(静安康定路店)		静安区	康定路1469号(武宁路地铁站5A口步行440米)	active	23
1652	五星海南鸡饭(新乐路店)		徐汇区	新乐路90号(近富民路/巨鹿路)	active	50
1653	串姐焦烤鸡架(五角场店)		杨浦区	国济路30-32号2楼(百联又一城对面)	active	55
1654	东北四季饺子王(茅台路店)		长宁区	茅台路190号(近古北路)	active	60
1655	王老六铁锅炖鱼(桂林路店)		徐汇区	桂林路662号1层(汉庭酒店一楼北侧)	active	80
1656	鹤北北·东北黏糊麻辣烫(人民广场店)		黄浦区	湖北路131号(上海书城西门马路对面)	active	25
1657	久月东北砂锅麻辣烫		静安区	广中西路99弄新梅共和城之1-92号	active	30
1658	家里没煮		黄浦区	淮海中路300号B2层B230A号铺位(香港新世界大厦)	active	120
1659	桂山禾·桂林卤菜粉		闵行区	兰坪路209号-2室	active	24
1660	O.P.S CAFE	O.P.S CAFE	徐汇区	上海市徐汇区太原路177弄1号临	active	48
1661	Captain George风味博物馆	Captain George Flavor Museum	徐汇区	上海市徐汇区太原路236号	active	77
1662	有容乃大 LuckyDraw	Small Arms Big Heart	静安区	上海市静安区北京西路1622号	active	40
1663	月球咖啡 Retro	Moon Coffee	静安区	上海市静安区茂名北路75弄2号底层前客堂	active	50
1664	鲁马滋 Rumors Coffee Roastery	Rumors Coffee	徐汇区	上海市徐汇区湖南路9号甲	active	80
1665	Café del Volcán	Café del Volcán	徐汇区	上海市徐汇区永康路80号	active	45
1666	Radar Coffee	Radar Coffee	黄浦区	上海市黄浦区思南路27号	active	25
1667	Brew Island 煮屿	Brew Island	虹口区	上海市虹口区溧阳路739号	active	77
1668	白鲸咖啡 White Whale	White Whale Coffee / Mobydick	宝山区	上海市宝山区真大路520号米谷产业园	active	35
1669	aftertaste 回味	aftertaste	浦东新区	上海市浦东新区江永路86号W3-102	active	85
1670	小半咖啡		普陀区	上海市普陀区曹杨二村北杨园小区242号楼	active	28
1671	pocket pocket 口袋咖啡	pocket pocket	徐汇区	上海市徐汇区永嘉路309号口袋公园内	active	28
1672	HUGO HUSKY HOUSE 雨果咖啡	HUGO HUSKY HOUSE	徐汇区	上海市徐汇区永嘉路227号甲	active	55
1673	DayDreaming by Monos 白日梦	DayDreaming by Monos	徐汇区	上海市徐汇区永嘉路285号、287号	active	45
1674	IKIGAI	IKIGAI	徐汇区	上海市徐汇区永嘉路260号	active	42
1675	城是 CITYBORING	CITYBORING	徐汇区	上海市徐汇区永嘉路394号	active	48
1676	LANERS老虎灶喫咖啡	LANERS	徐汇区	上海市徐汇区永嘉路293号慎成里弄堂口	active	35
1677	BIG SUR COFFEE	BIG SUR COFFEE	徐汇区	上海市徐汇区永嘉路277号	active	50
1678	Metal Hands 铁手咖啡制造局	Metal Hands	徐汇区	上海市徐汇区永嘉路37号	active	45
1679	VOYAGE COFFEE	VOYAGE COFFEE	徐汇区	上海市徐汇区永嘉路502号	active	65
1680	赤瑕咖啡 Akadama	Akadama Coffee	静安区	上海市静安区武定西路1194号	active	45
1681	DEARYOU 咖啡豆研究所	DEARYOU	徐汇区	上海市徐汇区襄阳南路174号1层	active	50
1682	MONO	MONO	虹口区	上海市虹口区今潮8弄3号楼101室	active	45
1683	Manner Coffee	Manner Coffee	多区连锁	上海市静安区南阳路（创始店），多区数百家分店	active	20
1684	Seesaw Coffee	Seesaw Coffee	多区连锁	上海市长宁区愚园路（创始店），原多区分店	closed	35
1685	星巴克臻选上海烘焙工坊	Starbucks Reserve Roastery Shanghai	静安区	上海市静安区南京西路789号兴业太古汇N110-N201	active	65
1686	New Lane Coffee 纽巷	New Lane Coffee	徐汇区	上海市徐汇区襄阳南路500号2511室	active	75
1687	Rain Mountain 雨山咖啡	Rain Mountain Coffee	徐汇区	上海市徐汇区飞洲国际大厦1楼大堂	active	38
1688	堀口咖啡 HORIGUCHI COFFEE	HORIGUCHI COFFEE	黄浦区	上海市黄浦区圆明园路169号协进大楼	active	70
1689	且乐 cheer	且乐 cheer	静安区	上海市静安区彭浦新村居民区	active	32
1690	Gregorius航迹(愚园路店)	Gregorius SHADE	海市长宁区	上海市长宁区愚园路991号(江苏路地铁站6号口步行120米)	active	50
1691	3又二分之一		徐汇区	上海市徐汇区太原路	active	55
1692	0566咖啡製作所	0566 Coffee	黄浦区	上海市黄浦区新天地南里	active	75
1693	VERIE BAKEHOUSE(新天地店)	Verie Bakehouse by Frederic Jaros	黄浦区	上海市黄浦区马当路245号新天地时尚II L层L108	active	59
1694	TonTon(永康路店)		徐汇区	上海市徐汇区永康路176-178号	active	36
1695	Bebaked(愚园路店)		长宁区	上海市长宁区愚园路1107号	active	45
1696	O'mills Sourdough Bakery & Bistro（永嘉路店）	O'mills	徐汇区	永嘉路110号（近嘉善路）	active	130
1697	Gluglu(愚园路店)		长宁区	上海市长宁区愚园路1421号	active	35
1698	Sloppy Gin(延平路店)		静安区	上海市静安区延平路425号1楼104	active	30
1699	Luneurs月乐诗(南京西路店)	Luneurs	静安区	上海市静安区南京西路1601号1D室(芮欧百货)	active	55
1700	柴田西点Chez Shibata(紫云西路店)	Chez Shibata Shanghai	长宁区	上海市长宁区紫云西路24号(近遵义路)	active	58
1701	辛一铜锣烧(静安大悦城店)		静安区	上海市静安区西藏北路198号静安大悦城北座B1层NB143D室	active	22
1702	香港华心糖水铺(南西总店)		静安区	上海市静安区南京西路790号地铺	active	55
1703	双喜老铺(静安寺店)		静安区	上海市静安区北京西路1744号(近胶州路)	active	26
1704	小团圆糖水铺(思南路店)		黄浦区	上海市黄浦区思南路115弄5号-1	active	32
1705	yesOcake巴斯克专门店		徐汇区	上海市徐汇区襄阳南路(具体门牌号待核实)	active	39
1707	gula bistro	gula bistro	徐汇区	延平路448号	active	250
1708	Yeats Bistro	Yeats Bistro 叶芝小酒馆	静安区	延平路98号C幢202室	active	220
1709	Wine Universe	Wine Universe	长宁区	愚园路769号	active	260
1710	Fiamo Bistro by Senso	Fiamo Bistro by Senso	徐汇区	徐汇区湖南路街道世纪商贸广场（安福路附近）	active	130
1711	Bella Vita Bistro	Bella Vita 意大利餐厅	徐汇区	天平路（具体门牌待补）	active	280
1712	Le Verre à vin	Le Verre à vin	徐汇区	武康路378号武康庭105铺	active	286
1713	大酉 The Merchants	The Merchants 大酉	徐汇区	永福路52号	active	300
1714	壳里西餐厅 Coquille Seafood Bistro	Coquille Seafood Bistro	黄浦区	蒙自路（具体门牌待补）	active	400
1715	Alimentari Grande	Alimentari Grande	徐汇区	东湖路20号101-201室	active	200
1716	Juke	Juke	徐汇区	东平路11号-102	active	350
1717	SOSA	SOSA	浦东新区	上海市浦东新区商城路665号LU1885陆里微醺Hub（近世纪大道）	active	200
1718	游牧Bistro by耶里夏丽	游牧Bistro	静安区	上海市静安区茂名北路229弄丰盛里8号一楼（裕莲茶楼隔壁巷内）	active	150
1719	有喜屋·鲜鸡烧鸟·居酒屋(安龙路店)	有喜屋深夜食堂	海市长宁区	上海市长宁区仙霞新村街道安龙路501号(近仙霞路)	active	120
1720	烤匠麻辣烤鱼(中山公园龙之梦店)	烤匠麻辣烤鱼	海市长宁区	上海市长宁区长宁路1018号龙之梦8楼	active	100
1721	武宫酒吧	Palace of Sound 武宫	长宁区	上海市长宁区武夷路320弄MIX320园区A105	active	120
1722	三山野·云南傣家菜	三山野	黄浦区	上海首店（具体门牌待补）	active	120
1723	煤球 Charcoal	Charcoal 煤球	浦东新区	世博园（具体门牌待补）	active	350
1724	壮壮酒馆 Terroir Strong	Terroir Strong 壮壮酒馆	黄浦区	淮海中路中环广场（具体门牌待补）	active	280
1725	RAC BAR（安福路店）	RAC BAR	徐汇区	安福路322号14幢一楼（武康路口）	active	120
1727	Alimentari（安福路店）	Alimentari	徐汇区	安福路158号、160号（近乌鲁木齐路）	active	117
1728	Money Shops（愚园路店）	Money Shops	长宁区	愚园路1381-2号（近久光/静安寺）	active	130
1729	岚山早餐公司 Breakfast Company（武定路店）	Breakfast Company	静安区	武定路982号（近康定路）	active	55
1730	Baker & Spice（安福路店）	Baker & Spice	徐汇区	安福路195号	active	70
1731	Lokal	Lokal	徐汇区	武康路202号	active	100
1732	FUNK&KALE（兴业太古汇店）	FUNK&KALE	静安区	南京西路789号兴业太古汇F1	active	94
1733	新天地朗廷酒店大堂吧	The Langham, Shanghai, Xintiandi	黄浦区	马当路99号新天地朗廷酒店1楼	active	280
1734	海仑宾馆505Bar	Radisson Collection Hotel Shanghai	黄浦区	南京东路505号	active	188
1735	外滩华尔道夫酒店羿庭	Peacock Alley, Waldorf Astoria Shanghai	黄浦区	中山东一路2号华尔道夫酒店新楼1楼	active	350
1736	和平饭店华懋阁	The Cathay Room, Fairmont Peace Hotel	黄浦区	南京东路20号和平饭店9楼	active	310
1737	Matcha Love 抹艾茶	Matcha Love	长宁区	番禺路381号7号楼102室	active	50
1738	点都德（瑞虹太阳宫店）	Dian Du De	虹口区	瑞虹路181号瑞虹天地太阳宫4层406室	active	80
1739	裕莲茶楼（金虹桥国际中心店）	Yu Lian Tea House	长宁区	遵义路100号金虹桥国际中心	active	30
1740	西园抹茶专卖店（大悦城店）	Nishien Matcha	静安区	西藏北路166号大悦城B1层	active	40
1741	翠富楼·粤式点心·啫啫煲	Cui Fu Lou	杨浦区	控江路1628号紫荆广场6楼L601	active	95
1742	Bar Leone	Bar Leone	黄浦区	思南公馆(复兴中路523号区域)	active	300
1743	明日酿造/明日酒馆	Mingri Brewing	黄浦区	新闸路356号悦达黄浦河滨大厦F1层	active	120
1744	半醉山岚	半醉山岚	静安区	巨鹿路889号18栋	active	200
1745	Flipper's 奇迹舒芙蕾（金桥EKA天物店）	Flipper's	浦东新区	金桥路535号EKA天物15栋一层102-103室	active	99
1746	上海宝格丽酒店 Il Ristorante – Niko Romito	Il Ristorante - Niko Romito	静安区	山西北路108弄宝格丽酒店47层（近天潼路地铁站）	active	688
1747	When Pigs Fly当猪飞(愚园路店)	When Pigs Fly	长宁区	上海市长宁区愚园路1255号	active	18
1748	Spiceman辣男Gelato(思南路店)	Spiceman Gelato	黄浦区	上海市黄浦区思南路22号	active	52
1749	Gregorius SHADE(安福路店)		海市徐汇区	上海市徐汇区安福路53号(常熟路地铁站8号口步行300米)	active	50
1750	有喜屋		海市杨浦区	上海市杨浦区五角场街道国宾路上海五角场万达广场	active	120
1751	有喜屋·鲜鸡烧鸟·居酒屋(嘉定新城店)		海市嘉定区	上海市嘉定区马陆镇胜辛路与双丁路交叉口中信泰富万达广场负一层B1002B、B1003号商铺	active	120
1752	有喜屋·鲜鸡板前烧鸟		海市徐汇区	上海市徐汇区天钥桥路133-7号临	active	120
1753	有喜屋·鲜鸡烧鸟·居酒屋(真如环宇城店)		海市普陀区	上海市普陀区石泉路街道铜川路699弄1号上海环宇城MAX购物中心L4-4028号	active	120
1754	有喜屋·日料·居酒屋(长寿路店)		海市普陀区	上海市普陀区长寿路街道长寿路189号1幢沿街1层102	active	120
1755	有喜屋·鲜鸡板前烧鸟(宝杨宝龙店)		海市宝山区	上海市宝山区友谊路街道宝杨宝龙广场3楼M1-L3-006	active	120
1756	有喜屋·鲜鸡烧鸟·居酒屋(海梦一方店)		海市闵行区	上海市闵行区梅陇镇莲花南路1389号海梦一方商城4楼(3层卡通尼旁电梯上楼)	active	120
1757	有喜屋·鲜鸡板前烧鸟(徐汇绿地缤纷店)		海市徐汇区	上海市徐汇区斜土路街道东安路562号徐汇绿地缤纷城2F-201	active	120
1758	有喜屋深夜食堂(宝山万达店)		海市宝山区	上海市宝山区一二八纪念路988弄1号B1层1026室	active	120
1759	有喜屋·板前烧鸟(金地·方邻店)		海市松江区	上海市松江区泗泾镇泗泾泗宝路金地方邻1层104室	active	120
1760	有喜屋·日料·居酒屋(嘉里不夜城企业中心店)		海市静安区	上海市静安区梅园路277号嘉里不夜城企业坊P1-103-2单元	active	120
1761	有喜屋·日料·居酒屋(天物空间店)		市浦东新区	上海市浦东新区洋泾街道杨高中路2108号天物空间A幢A106-A107临街(9号线芳甸路3号口)	active	120
1762	有喜屋·日料·居酒屋(文定路店)		海市徐汇区	上海市徐汇区田林街道文定路318号	active	120
1763	有喜屋·日料·居酒屋(中集美兰湖金地广场店)		海市宝山区	上海市宝山区罗店镇美康路27弄4幢9号中集美兰湖金地广场兰巷馆L1-03	active	120
1764	有喜屋·日料·居酒屋(旭辉广场店)		海市杨浦区	上海市杨浦区定海路街道周家嘴路3608号第一层M-F1-018商铺	active	120
1765	有喜屋·日料·居酒屋(国华广场店)		海市杨浦区	上海市杨浦区长海路街道国华广场B座一层110-112铺位(肯德隔壁边)	active	120
1766	有喜屋·日料·居酒屋(鑫耀·光环Live店)		海市徐汇区	上海市徐汇区虹梅路街道叠彩路233号鑫耀光环Live1楼S3-L1-18b(田林路130号对面)	active	120
1767	有喜屋·日料·居酒屋(南桥百联店)		海市奉贤区	上海市奉贤区南桥镇百齐路百联中心美人鱼休闲街麦当劳隔壁	active	120
1768	有喜屋·板前烧鸟(浦江欢乐颂店)		海市闵行区	上海市闵行区浦锦街道陈行公路2688号的欢乐颂L403号商铺	active	120
1769	有喜屋·板前烧鸟(盛邻Mall店)		海市宝山区	上海市宝山区高境镇江杨南路425号盛邻MALL3号楼L1-11-01室	active	120
1770	有喜屋·鲜鸡烧鸟·居酒屋(宝山万达店)		海市宝山区	上海市宝山区高迎路万达B1层02超1002铺位	active	120
1771	有喜屋九亭金地店		海市松江区	上海市松江区九里亭街道卓亭路九亭中心北区	active	120
1773	L'eclair de Genie闪电巴黎(芮欧百货店)	L'eclair de Genie	静安区	上海市静安区南京西路1601号芮欧百货	active	68
1774	乔尔卢布松美食坊Boulangerie(外滩18号)	Boulangerie by Joël Robuchon	黄浦区	上海市黄浦区中山东一路18号外滩18号1楼	active	75
1775	法田鹿蛋糕		徐汇区	上海市徐汇区桂林路402号诚达创意园76幢一楼112室	active	65
1776	Lady M(上海恒隆广场店)	Lady M Cake Boutique	静安区	上海市静安区南京西路1266号恒隆广场3楼300室	active	75
1777	聚福shanghailander(乌鲁木齐南路店)	Jufu Shanghailander	徐汇区	上海市徐汇区乌鲁木齐南路394号3-4商铺	active	52
1778	贵州冰浆(陕西北路店)		静安区	上海市静安区陕西北路549-5号	active	22
1779	Kaki Mania日式刨冰(长乐路店)		黄浦区	上海市黄浦区长乐路462号集社Green Station二楼E201	active	65
1780	麻布屋AZABUYA(永康路店)	AZABUYA	徐汇区	上海市徐汇区永康路(近岳阳路)	active	38
1781	HUFFY coffee&gelato(威海路店)	HUFFY	静安区	上海市静安区威海路844号	active	39
1782	MIMILATO(长乐路店)	MIMILATO	徐汇区	上海市徐汇区长乐路1251号	active	42
1783	Sit Gelato(南昌路店)	Sit Gelato	黄浦区	上海市黄浦区南昌路79号丙	active	42
1784	国际饭店帆声饼屋(黄河路店)		黄浦区	上海市黄浦区黄河路28号国际饭店2楼-M楼	active	45
1785	PAIN CHAUD百丘(番禺路店)	PAIN CHAUD	徐汇区	上海市徐汇区番禺路222弄(近法华镇路)	active	50
1786	drunk baker醉师傅(陕康里店)	DRUNK BAKER	静安区	上海市静安区陕康里(长寿路商业区)	active	25
1787	达可芮Gelato Dal Cuore(陕西北路店)	Gelato Dal Cuore	静安区	上海市静安区陕西北路600号-9室(新闸路北侧)	active	45
1788	纽约贝果博物馆(新天地店)	New York Bagelous Museum	黄浦区	上海市黄浦区马当路245号新天地时尚II L111	active	35
1789	FASCINO BAKERY(丰盛里店)	FASCINO BAKERY	静安区	上海市静安区丰盛里(南京西路)	active	43
1790	EVERNAKED裸蛋糕(巨鹿路店)	EVERNAKED	静安区	上海市静安区巨鹿路891号	active	57
1791	yeetlemon柠檬蛋糕(同乐坊店)	yeetlemon	静安区	上海市静安区同乐坊(江宁路)	active	75
1792	Bake No Title(番禺路店)	Bake No Title	徐汇区	上海市徐汇区番禺路232号	active	40
1793	堂屋糖水铺(愚园路店)	Tang Wu Sweet Soup	长宁区	上海市长宁区愚园路1409号	active	28
1794	BAsdBAN（愚园路店）	BAsdBAN	静安区	愚园路546号8幢101室（近镇宁路）	active	60
1795	SMAKA（愚园路店）	SMAKA	长宁区	愚园路769-3号（江苏路地铁站3号口步行90米）	active	62
1796	一木家 Café Chez W	Cafe Chez W	黄浦区	香山路32号（近瑞金二路）	active	50
1797	蜂蜜草 Honey N' Clover（吴兴路店）	Honey N' Clover	徐汇区	吴兴路272号103室（MANNER COFFEE对面弄堂内）	active	108
1798	湖心亭茶楼	Huxinting Teahouse	黄浦区	豫园老街257号（九曲桥畔，近地铁10/14号线豫园站）	active	88
1799	星神早餐（康定路店）	Xingshen Breakfast	静安区	康定路809号（近胶州路）	active	10
1800	BeBaked（愚园洋房店）	BeBaked	长宁区	愚园路1107号8号楼一层（近江苏路地铁站）	active	60
1801	上海半岛酒店 The Lobby 大堂茶座	The Lobby, The Peninsula Shanghai	黄浦区	中山东一路32号半岛酒店1楼	active	568
1802	上海浦东丽思卡尔顿酒店 AURA酒廊	Aura Lounge, The Ritz-Carlton Shanghai Pudong	浦东新区	世纪大道8号丽思卡尔顿酒店52楼	active	380
1803	上海柏悦酒店 大堂客厅	The Living Room, Park Hyatt Shanghai	浦东新区	世纪大道100号环球金融中心柏悦酒店91楼	active	400
1804	上海璞丽酒店 LONG BAR长吧	Long Bar, The PuLi Hotel and Spa	静安区	常德路1号璞丽酒店1楼（近静安寺）	active	338
1805	MEL BOURNE 猫尔本 Brunch&Bistro（静安店）	MEL BOURNE	静安区	富民路83-3号（近巨鹿路/巨富长）	active	120
1806	SOMETHING DINING BAR（武康路店）	Something Dining Bar	徐汇区	武康路98号2楼	active	180
1807	Brut Eatery 悦璞食堂（愚园路店）	Brut Eatery	长宁区	愚园路698号	active	100
1808	CASALUNA Brunch&Bistro	CASALUNA	黄浦区	长乐路169弄1号沿街（近地铁13号线淮海中路站3号出口）	active	135
1809	Nono's Ristorante	Nono's	徐汇区	永福路47号2楼201室	active	250
1810	Polux by Paul Pairet	Polux	黄浦区	太仓路181弄新天地北里5号	active	250
1811	Le Saleya	Le Saleya	静安区	长乐路570弄1号(近襄阳北路)	active	200
1812	Speak Low 低语	Speak Low	黄浦区	复兴中路579号(近瑞金二路)	active	180
1813	Vinism	Vinism	长宁区	东诸安浜路57号(注:腾讯地图显示PURISM Wine Bar,待核实更名)	active	200
1814	纯阳六两	纯阳·六两	杨浦区	大学路109号(五角场街道)	active	100
1815	段氏龙虾	段氏龙虾	杨浦区	大连路1548号莱克大厦一楼5号沿街商铺	active	100
1816	Sober Company	Sober Company	黄浦区	雁荡路99号	active	150
1817	Pony Up	Pony Up	黄浦区	进贤路酒吧街区域	active	180
1818	COA Shanghai	COA Shanghai	徐汇区	安福路322号1层	active	200
1819	ABA WHISKEY BAR 糟糕艺术家	ABA Whiskey Bar	静安区	新闸路1300号1层	active	150
1820	食六区·罗氏虾龙虾烧烤夜宵(虹桥店)	Shiliuqu	长宁区	延安西路2088号禧瑞广场2楼	active	110
1821	顶特勒粥面馆	Dingtele	黄浦区	淮海路弄堂内	active	40
1822	肥仔文澳门猪骨煲	Feizaiwen Macau Pork Bone Pot	静安区	南汇路77号	active	120
1823	香巴岛小龙虾(寿宁路)	Xiangbadao Crayfish	黄浦区	寿宁路20-24号	active	120
1824	弄口里烧烤(胶州路店)	Nongkouli BBQ	普陀区	胶州路853号	active	90
1825	西塔老太太泥炉烤肉(静安大悦城店)	Old Lady Xita BBQ	静安区	西藏北路166号大悦城南座7楼	active	130
1826	Tourbillon 特彼龙 Whisky Lounge	Tourbillon Whisky Lounge	徐汇区	永嘉路570号1号楼1层111单元	active	172
1827	Project W威士忌·鸡尾酒	Project W	静安区	襄阳北路17号一楼-1	active	162
1828	Goose Island Taproom 鹅岛精酿啤酒屋(巨鹿路店)	Goose Island Taproom	静安区	巨鹿路758号1幢121室	active	118
1829	飲适精酿 Ease Taproom(南京东路店)	Ease Taproom	黄浦区	六合路98号2楼	active	75
1830	ONE WAY STREET精酿啤酒(大沽路店)	One Way Street	静安区	大沽路386-1号	active	117
1831	哥哥の深夜食堂(静安大悦城店)	Onii-san Late Night Canteen	静安区	静安大悦城区域	active	93
1832	PuR'aisin Wine Bar皮酉海让葡萄酒酒吧(定西路店)	PuR'aisin Wine Bar	长宁区	宣化路300号101-1室	active	196
1833	葡道Wine Shop & Bar(武康店)	Pudao Wine Shop & Bar	徐汇区	武康路376号武康庭102室	active	201
1834	Lab whisky&cocktail(武定路店)	Lab Whisky & Cocktail	静安区	武定路1093号	active	188
1835	PLAN B(襄阳北路店)	Plan B	徐汇区	襄阳北路77号(近长乐路)	active	44
1836	FINE pancake&canteen(陕西南路店)	FINE Pancake	徐汇区	上海市徐汇区陕西南路53号底层-1	active	68
1837	Le Pain Sense(建国东路店)	Le Pain Sense	黄浦区	上海市黄浦区建国东路405号一层	active	28
1838	WULI	WULI	长宁区	武夷路168号WYSH翡悦里1号楼1层101室	active	200
